LOCATION_SOURCE,LOCATION_DESTINATION,FEATURE_1_SCORE,FEATURE_2_SCORE,FEATURE_3_SCORE,FEATURE_4_SCORE,FEATURE_5_SCORE,FEATURE_6_SCORE,FEATURE_7_SCORE,FEATURE_8_SCORE,FEATURE_9_SCORE,FEATURE_10_SCORE,LINK_PREDICT
E,D,0.7383,0.8936,0.0619,0.1553,0.1995,0.5363,0.3779,0.9447,0.2524,0.8461,YES
G,A,0.5967,0.9286,0.5949,0.828,0.1061,0.8773,0.6213,0.6113,0.6539,0.9205,YES
E,A,0.0231,0.5417,0.9153,0.5729,0.744,0.7616,0.9789,0.3573,0.0815,0.4223,NO
A,F,0.5052,0.5264,0.2985,0.1865,0.5696,0.2948,0.5553,0.1316,0.9191,0.0362,YES
D,A,0.392,0.4355,0.2695,0.5236,0.7129,0.8777,0.0806,0.351,0.6907,0.2793,NO
A,F,0.4978,0.9343,0.8172,0.5179,0.5186,0.8283,0.6525,0.6483,0.5708,0.1403,NO
D,C,0.5272,0.9151,0.9617,0.5266,0.6164,0.2574,0.6034,0.2471,0.4504,0.43,NO
E,G,0.78,0.4024,0.1521,0.8226,0.4001,0.8976,0.9667,0.0284,0.0632,0.9901,YES
F,A,0.8093,0.5313,0.2961,0.0184,0.9328,0.0663,0.6852,0.1654,0.1649,0.0234,YES
B,H,0.4539,0.6941,0.2347,0.2589,0.5208,0.9512,0.0332,0.0734,0.3357,0.5336,NO
F,C,0.6721,0.7382,0.0828,0.29,0.8857,0.9587,0.7067,0.7812,0.2326,0.9488,YES
A,E,0.2879,0.1994,0.2667,0.3288,0.8353,0.7044,0.8797,0.0493,0.2518,0.6564,YES
E,D,0.5073,0.2528,0.1194,0.3802,0.2016,0.4311,0.47,0.9374,0.9985,0.5851,YES
D,D,0.5389,0.5768,0.8161,0.4478,0.6708,0.7738,0.6976,0.3388,0.7243,0.2905,YES
G,C,0.5399,0.3317,0.0364,0.892,0.1518,0.0907,0.8837,0.5447,0.0649,0.5775,YES
D,B,0.9548,0.5675,0.3816,0.0954,0.5192,0.2114,0.5537,0.3847,0.2482,0.3085,NO
B,F,0.4575,0.1501,0.7177,0.5257,0.111,0.2104,0.5257,0.3702,0.6631,0.9158,NO
F,E,0.705,0.4448,0.7807,0.1692,0.9868,0.2504,0.4165,0.6181,0.4924,0.6223,NO
C,F,0.7975,0.5082,0.3139,0.0345,0.7431,0.0737,0.5663,0.747,0.2772,0.5817,YES
F,A,0.2873,0.6128,0.025,0.8829,0.2249,0.3291,0.3283,0.3169,0.9757,0.8634,NO
C,D,0.6781,0.4205,0.4244,0.9659,0.2437,0.2366,0.1684,0.8415,0.2841,0.452,NO
F,C,0.6544,0.0198,0.073,0.4026,0.8968,0.5096,0.6126,0.5265,0.1568,0.0314,YES
B,H,0.9761,0.7555,0.1133,0.742,0.6802,0.639,0.2976,0.219,0.6879,0.8354,NO
A,C,0.1466,0.464,0.9675,0.3679,0.2609,0.9296,0.2584,0.944,0.5865,0.8707,YES
E,B,0.6738,0.327,0.8659,0.3177,0.7379,0.7766,0.5469,1,0.0522,0.2269,NO
F,B,0.4522,0.2841,0.8081,0.3682,0.6324,0.0679,0.8974,0.6377,0.2532,0.9557,YES
B,F,0.0274,0.9221,0.8696,0.8132,0.7664,0.015,0.9517,0.7177,0.3589,0.8856,NO
E,A,0.4279,0.6151,0.417,0.2656,0.7958,0.0417,0.6225,0.0836,0.4801,0.9662,YES
F,A,0.3435,0.0112,0.5826,0.3004,0.0512,0.1981,0.1351,0.2126,0.0356,0.4841,NO
A,F,0.4106,0.3833,0.2298,0.17,0.1044,0.0068,0.4138,0.9617,0.1225,0.1181,NO
A,C,0.4558,0.8568,0.0141,0.1941,0.157,0.2221,0.9932,0.4274,0.7243,0.0205,YES
G,C,0.3848,0.3531,0.8578,0.1207,0.6194,0.2543,0.4022,0.681,0.8429,0.5698,YES
E,C,0.3406,0.8815,0.5336,0.0142,0.7048,0.3655,0.7892,0.5291,0.8713,0.8231,YES
C,G,0.6393,0.1175,0.6972,0.8593,0.5129,0.4302,0.6186,0.4702,0.1074,0.8402,NO
B,A,0.4131,0.3938,0.0566,0.4014,0.3218,0.6808,0.9816,0.9144,0.0193,0.6325,YES
B,E,0.1781,0.1104,0.0243,0.106,0.3353,0.116,0.4325,0.2599,0.8379,0.7974,YES
F,A,0.5125,0.9044,0.152,0.8618,0.9351,0.9102,0.6167,0.835,0.8512,0.242,NO
G,E,0.0091,0.9802,0.9355,0.8651,0.1633,0.4394,0.8152,0.3423,0.6779,0.6996,YES
G,D,0.9984,0.1267,0.2,0.346,0.6625,0.3991,0.227,0.431,0.2804,0.1471,NO
E,G,0.9821,0.9217,0.4006,0.4123,0.9625,0.7366,0.4479,0.9902,0.9151,0.3919,NO
E,A,0.9968,0.9262,0.8151,0.6178,0.1946,0.4815,0.2566,0.099,0.9739,0.9893,NO
D,H,0.5758,0.5129,0.7498,0.8193,0.1468,0.4949,0.9667,0.035,0.9645,0.5104,NO
H,D,0.8247,0.7663,0.4346,0.0089,0.5615,0.9485,0.2815,0.9011,0.7391,0.9291,NO
C,G,0.4039,0.475,0.8369,0.7546,0.7942,0.8501,0.6316,0.7259,0.9415,0.5522,YES
B,E,0.4586,0.2807,0.5776,0.8398,0.3299,0.3497,0.2338,0.7657,0.2314,0.0539,YES
D,D,0.8144,0.5237,0.0085,0.3276,0.053,0.2418,0.062,0.1194,0.1376,0.76,YES
D,A,0.0629,0.227,0.503,0.9815,0.6107,0.7015,0.3347,0.0642,0.7859,0.0612,YES
C,A,0.1322,0.5344,0.5965,0.3576,0.9884,0.6121,0.9617,0.4296,0.2089,0.5488,YES
C,F,0.5483,0.1694,0.4682,0.1798,0.9477,0.8376,0.301,0.4307,0.6159,0.9019,NO
B,B,0.9548,0.4624,0.5786,0.934,0.004,0.0152,0.6602,0.6151,0.0384,0.9728,NO
B,G,0.85,0.9537,0.0929,0.2246,0.0876,0.8862,0.7663,0.5237,0.7471,0.6885,NO
C,A,0.569,0.1265,0.1715,0.4451,0.1053,0.7832,0.9909,0.0446,0.4238,0.4738,NO
H,D,0.1347,0.9529,0.1526,0.9134,0.683,0.7109,0.7458,0.6767,0.1567,0.3612,NO
H,C,0.9621,0.19,0.7129,0.6545,0.0753,0.0583,0.3412,0.2113,0.1902,0.0135,NO
D,D,0.0425,0.4176,0.6269,0.4535,0.0501,0.6836,0.8839,0.3794,0.2136,0.0885,YES
F,F,0.1087,0.6162,0.5621,0.5058,0.8387,0.6619,0.9333,0.128,0.7651,0.0985,YES
F,A,0.6323,0.4445,0.5424,0.9349,0.9772,0.6322,0.6153,0.0767,0.1455,0.847,NO
E,E,0.8369,0.5107,0.1677,0.2724,0.6559,0.3295,0.3208,0.0579,0.7044,0.9,NO
B,C,0.8347,0.3937,0.9424,0.419,0.6336,0.4779,0.7648,0.7959,0.0725,0.1838,YES
E,C,0.7773,0.0217,0.7039,0.2896,0.7195,0.6431,0.1481,0.943,0.5168,0.5141,NO
H,A,0.506,0.4316,0.8056,0.6213,0.6189,0.1368,0.9498,0.1777,0.5952,0.3338,YES
D,B,0.3589,0.1129,0.6205,0.8003,0.7164,0.7659,0.1346,0.6062,0.9981,0.0687,NO
F,E,0.8787,0.6628,0.1534,0.2275,0.2167,0.3031,0.5734,0.8437,0.7316,0.1571,NO
F,D,0.0293,0.5247,0.8138,0.8338,0.077,0.0618,0.6642,0.2786,0.1721,0.8921,NO
H,B,0.0197,0.083,0.6093,0.9723,0.8955,0.524,0.0249,0.1866,0.8792,0.4573,NO
H,G,0.5062,0.3109,0.8571,0.8073,0.9303,0.0255,0.3867,0.6517,0.0875,0.7342,NO
A,B,0.1111,0.5113,0.7579,0.4281,0.3351,0.0014,0.7376,0.5228,0.7051,0.7539,NO
A,B,0.6037,0.4079,0.9863,0.3068,0.1595,0.2903,0.3756,0.0597,0.0525,0.2753,NO
E,F,0.2306,0.4905,0.722,0.1994,0.2644,0.1084,0.7265,0.1408,0.6736,0.7358,YES
H,E,0.8024,0.997,0.2608,0.2531,0.5428,0.1765,0.8092,0.148,0.6195,0.6726,YES
G,B,0.5041,0.4555,0.9783,0.4998,0.2651,0.8822,0.0652,0.1279,0.5733,0.3797,NO
B,G,0.1369,0.2349,0.9348,0.0807,0.4283,0.4994,0.1605,0.8152,0.77,0.9973,NO
A,C,0.1605,0.0933,0.962,0.0151,0.179,0.4461,0.5791,0.5519,0.353,0.7915,YES
C,A,0.5762,0.9277,0.4841,0.7783,0.9362,0.8501,0.3652,0.9825,0.5162,0.1486,YES
C,F,0.0568,0.9775,0.3626,0.5442,0.1873,0.8907,0.1257,0.2286,0.7771,0.8237,YES
A,G,0.1888,0.9101,0.1312,0.2222,0.6454,0.6945,0.5715,0.5432,0.979,0.2345,YES
H,C,0.3822,0.3911,0.7658,0.5758,0.8546,0.8659,0.7852,0.2914,0.1635,0.3707,YES
H,E,0.7371,0.7824,0.937,0.0644,0.1427,0.1894,0.2429,0.6613,0.8035,0.6888,YES
A,C,0.9037,0.8935,0.0422,0.3275,0.9775,0.9561,0.7238,0.8575,0.1823,0.4175,YES
G,H,0.4972,0.1867,0.8971,0.3365,0.1197,0.4889,0.907,0.3739,0.4908,0.0467,NO
F,A,0.9659,0.7495,0.9667,0.496,0.7797,0.2391,0.6277,0.0657,0.4036,0.46,NO
C,D,0.8002,0.0867,0.9989,0.5671,0.6079,0.619,0.8574,0.6118,0.4393,0.4501,YES
C,E,0.6024,0.6035,0.2565,0.4185,0.5611,0.6065,0.6128,0.2428,0.1832,0.9313,YES
E,G,0.9043,0.2447,0.8881,0.6641,0.1298,0.9692,0.5798,0.5698,0.01,0.9975,YES
G,F,0.0667,0.881,0.6928,0.3612,0.2005,0.391,0.9614,0.6692,0.3754,0.3179,NO
G,G,0.0911,0.1128,0.5792,0.4077,0.9778,0.3516,0.7907,0.2944,0.8337,0.6979,NO
H,D,0.6448,0.753,0.294,0.4583,0.9202,0.5308,0.834,0.7997,0.2103,0.0964,YES
D,H,0.8308,0.1008,0.3369,0.341,0.0629,0.9706,0.8304,0.1044,0.4315,0.741,NO
H,A,0.4628,0.0224,0.0564,0.7673,0.5198,0.1236,0.7248,0.3961,0.8415,0.8133,NO
E,E,0.6588,0.1027,0.1681,0.8535,0.4931,0.247,0.5193,0.6582,0.8669,0.9694,NO
A,H,0.2932,0.313,0.2836,0.9883,0.7133,0.2235,0.7042,0.068,0.4863,0.3612,YES
A,E,0.4141,0.4342,0.0749,0.3845,0.2221,0.8834,0.4242,0.5202,0.1879,0.474,NO
C,G,0.3664,0.4403,0.955,0.783,0.7518,0.3091,0.2654,0.7766,0.7167,0.2186,YES
C,A,0.9627,0.7268,0.9028,0.8393,0.7721,0.4712,0.2597,0.6145,0.7319,0.234,YES
E,G,0.7469,0.1336,0.6077,0.1621,0.9178,0.8164,0.1917,0.9118,0.7052,0.2742,YES
B,B,0.0136,0.7667,0.8256,0.317,0.4154,0.8256,0.9294,0.3858,0.0243,0.7033,NO
H,C,0.4746,0.577,0.6088,0.0308,0.5792,0.8971,0.332,0.6229,0.8477,0.3793,YES
H,G,0.7511,0.265,0.4364,0.946,0.5608,0.7706,0.2998,0.0282,0.885,0.7004,NO
G,G,0.9953,0.5386,0.7599,0.1409,0.388,0.8466,0.5573,0.3801,0.2171,0.6653,YES
H,A,0.5395,0.4517,0.6105,0.5817,0.2687,0.9905,0.5873,0.7093,0.1982,0.9357,YES
A,C,0.8687,0.8055,0.4155,0.28,0.9395,0.085,0.9049,0.0236,0.9365,0.934,YES
G,F,0.3364,0.0535,0.9975,0.8015,0.0302,0.1444,0.2723,0.0836,0.6092,0.5911,NO
G,E,0.8041,0.894,0.0658,0.522,0.9375,0.6771,0.1897,0.4251,0.982,0.9606,YES
C,F,0.2579,0.4376,0.2003,0.7566,0.7978,0.915,0.2219,0.6712,0.0891,0.1933,YES
D,A,0.9183,0.7743,0.4315,0.8583,0.8685,0.8112,0.333,0.2669,0.5811,0.836,YES
E,C,0.4802,0.6724,0.5734,0.4144,0.4358,0.7393,0.5509,0.6524,0.1678,0.1247,YES
C,B,0.3516,0.3984,0.3316,0.1403,0.4225,0.6644,0.5365,0.4007,0.2821,0.6287,NO
E,C,0.1022,0.1276,0.7177,0.1022,0.8791,0.6686,0.1401,0.0562,0.9153,0.1293,YES
D,F,0.4787,0.986,0.2187,0.0799,0.9571,0.9203,0.4731,0.2485,0.536,0.9619,YES
E,C,0.5067,0.1454,0.4815,0.3747,0.2692,0.5989,0.2101,0.6313,0.6044,0.5999,NO
C,D,0.2835,0.0652,0.6689,0.5762,0.6688,0.5749,0.1834,0.1757,0.9579,0.8873,YES
C,A,0.8468,0.6468,0.6505,0.9899,0.9892,0.8937,0.6311,0.0545,0.9558,0.0474,NO
D,C,0.3217,0.1322,0.5697,0.6775,0.5577,0.1402,0.387,0.368,0.9203,0.1599,NO
A,E,0.7296,0.8495,0.7992,0.914,0.4543,0.0998,0.4142,0.7739,0.3588,0.8004,NO
A,G,0.6332,0.5236,0.9645,0.9076,0.5835,0.9892,0.9755,0.2163,0.8639,0.2185,NO
F,G,0.5957,0.8139,0.2032,0.7896,0.7592,0.9634,0.4857,0.8523,0.1093,0.4192,NO
C,H,0.5247,0.3982,0.4322,0.7423,0.7393,0.7098,0.9814,0.2267,0.4,0.0682,NO
F,G,0.3384,0.3832,0.5544,0.9205,0.5349,0.0441,0.0896,0.5205,0.5545,0.5614,YES
A,G,0.621,0.4456,0.7503,0.6085,0.1463,0.4258,0.599,0.9743,0.1304,0.2688,YES
F,A,0.5084,0.8904,0.3288,0.2751,0.9425,0.3106,0.6973,0.6023,0.7561,0.4534,NO
H,F,0.7795,0.5921,0.1431,0.6368,0.9685,0.3974,0.7311,0.6228,0.006,0.5621,NO
A,G,0.7012,0.0762,0.1728,0.3204,0.7767,0.1996,0.4557,0.4936,0.5384,0.7904,NO
E,E,0.539,0.2651,0.4443,0.7577,0.4315,0.5253,0.7051,0.6081,0.4191,0.2066,YES
G,F,0.1422,0.4865,0.9384,0.5507,0.768,0.4768,0.0541,0.9242,0.437,0.2578,YES
F,B,0.2538,0.3721,0.2915,0.8178,0.3431,0.9518,0.0046,0.6151,0.2438,0.2684,NO
B,E,0.4381,0.7529,0.8857,0.5858,0.3684,0.7234,0.1713,0.2857,0.4389,0.974,NO
E,H,0.5683,0.3744,0.9638,0.6316,0.1969,0.9672,0.9547,0.5294,0.38,0.6943,YES
C,A,0.7548,0.5233,0.0981,0.8952,0.0215,0.6621,0.2804,0.3914,0.0876,0.7077,NO
G,E,0.858,0.3786,0.0579,0.2308,0.2407,0.5299,0.9194,0.2745,0.2359,0.8584,YES
A,F,0.0195,0.6597,0.1684,0.9811,0.9193,0.8261,0.8192,0.8375,0.855,0.5443,NO
E,B,0.0181,0.9194,0.8146,0.6557,0.222,0.3888,0.4803,0.7324,0.327,0.7809,YES
E,E,0.0745,0.5485,0.7135,0.8311,0.7278,0.9325,0.717,0.4763,0.9696,0.1693,YES
F,B,0.818,0.8329,0.3963,0.1748,0.3745,0.9605,0.4245,0.9917,0.0572,0.6466,NO
G,C,0.2225,0.6588,0.6993,0.4916,0.8174,0.4417,0.8943,0.9033,0.59,0.1334,NO
C,H,0.7593,0.0475,0.3162,0.2522,0.8478,0.4254,0.3377,0.7952,0.2924,0.08,NO
C,D,0.3677,0.5593,0.9114,0.7799,0.6393,0.9548,0.5854,0.2222,0.462,0.8484,YES
A,G,0.0448,0.1847,0.9816,0.1618,0.0506,0.0194,0.3629,0.986,0.0025,0.316,YES
B,C,0.1026,0.4632,0.8808,0.3329,0.7623,0.4719,0.2839,0.5691,0.4864,0.5238,YES
H,B,0.5832,0.4094,0.4483,0.255,0.9928,0.2944,0.6429,0.8511,0.8171,0.0182,YES
G,D,0.747,0.7403,0.5137,0.4387,0.9689,0.8045,0.37,0.2693,0.6493,0.1859,YES
C,G,0.7943,0.9712,0.1401,0.8331,0.439,0.0927,0.3245,0.6099,0.1646,0.1747,YES
F,F,0.8077,0.8647,0.3363,0.8824,0.4492,0.4412,0.9576,0.2478,0.4781,0.9666,NO
B,B,0.1975,0.8786,0.498,0.0305,0.9877,0.0899,0.3102,0.4131,0.9766,0.3585,YES
B,F,0.9817,0.7804,0.5027,0.8552,0.0201,0.0876,0.6106,0.4185,0.8118,0.5387,YES
A,D,0.1885,0.3092,0.9739,0.816,0.9555,0.5645,0.7723,0.2369,0.7493,0.8477,NO
D,G,0.5032,0.3588,0.2415,0.7424,0.1887,0.9052,0.0115,0.024,0.8786,0.0533,NO
G,B,0.7703,0.6677,0.0827,0.8534,0.5587,0.4032,0.9404,0.893,0.0995,0.1046,NO
C,G,0.2843,0.0791,0.5827,0.3322,0.5253,0.5473,0.4426,0.0335,0.9644,0.083,NO
D,C,0.9421,0.2189,0.2575,0.5748,0.7939,0.2119,0.3282,0.6397,0.5227,0.1197,NO
H,A,0.8696,0.1138,0.5621,0.4196,0.6477,0.1972,0.0655,0.4441,0.398,0.2028,YES
H,A,0.3862,0.797,0.199,0.9013,0.038,0.7058,0.5111,0.1085,0.2956,0.506,YES
A,E,0.2943,0.3718,0.392,0.3216,0.1201,0.658,0.5826,0.0175,0.701,0.7353,NO
H,C,0.1962,0.1463,0.4966,0.5767,0.5465,0.5572,0.4154,0.5446,0.7937,0.951,NO
C,E,0.0194,0.2274,0.2669,0.4897,0.5219,0.782,0.9005,0.1132,0.0648,0.0413,YES
B,B,0.6888,0.5171,0.6478,0.0523,0.9948,0.4277,0.8177,0.4419,0.2232,0.1398,YES
G,E,0.0376,0.6798,0.5237,0.5132,0.6355,0.8136,0.5725,0.5451,0.7564,0.0412,YES
D,H,0.2674,0.144,0.5212,0.1583,0.507,0.1834,0.2174,0.7277,0.1551,0.0198,YES
H,G,0.0224,0.9091,0.1446,0.6979,0.2824,0.0085,0.5261,0.032,0.9196,0.9658,YES
G,F,0.3472,0.9645,0.0821,0.8823,0.4656,0.8325,0.9601,0.9241,0.6606,0.6709,YES
B,A,0.58,0.0949,0.2677,0.9686,0.4006,0.2739,0.5821,0.137,0.6325,0.4576,YES
B,D,0.1102,0.4317,0.6173,0.8029,0.629,0.1123,0.3107,0.0701,0.8662,0.2341,YES
A,B,0.3226,0.9086,0.3597,0.1503,0.3816,0.3861,0.0881,0.6713,0.7321,0.5831,NO
A,H,0.0417,0.2622,0.8102,0.3154,0.5345,0.4919,0.3914,0.8057,0.5513,0.4616,YES
E,A,0.9409,0.358,0.9522,0.242,0.5873,0.5472,0.3753,0.342,0.8388,0.1367,NO
G,B,0.7197,0.6124,0.2183,0.5325,0.9132,0.6147,0.945,0.6552,0.6479,0.8419,YES
B,E,0.3391,0.7183,0.8965,0.7378,0.2268,0.8371,0.2367,0.2286,0.92,0.9237,NO
H,A,0.2988,0.5359,0.339,0.3703,0.635,0.5874,0.2135,0.7043,0.84,0.564,YES
E,C,0.1467,0.185,0.336,0.631,0.7645,0.0943,0.3564,0.1348,0.6868,0.4672,NO
C,F,0.03,0.8537,0.6334,0.1897,0.7089,0.0182,0.1843,0.5566,0.7912,0.0608,YES
D,E,0.9543,0.21,0.0826,0.2801,0.8173,0.0023,0.1127,0.5565,0.5107,0.5722,NO
G,H,0.3602,0.0083,0.5894,0.5766,0.3586,0.2821,0.7059,0.5713,0.0415,0.6657,YES
A,B,0.6267,0.4517,0.5923,0.1032,0.4055,0.3594,0.0407,0.1346,0.0267,0.2448,NO
H,E,0.1176,0.5185,0.1214,0.7883,0.4336,0.7217,0.9359,0.9597,0.0273,0.2472,NO
C,C,0.4612,0.6021,0.8026,0.1064,0.5193,0.434,0.8398,0.5752,0.6649,0.0467,NO
C,A,0.8302,0.5691,0.8574,0.2736,0.9562,0.7058,0.7393,0.1547,0.9046,0.3011,YES
C,D,0.8113,0.6128,0.2435,0.4815,0.7601,0.3587,0.8913,0.1073,0.0043,0.7223,YES
D,H,0.3355,0.652,0.8323,0.1745,0.428,0.8684,0.7626,0.5638,0.6388,0.7554,YES
C,E,0.2996,0.7282,0.2607,0.7315,0.2466,0.3839,0.2692,0.4203,0.4161,0.7613,YES
D,F,0.1034,0.7099,0.2798,0.2472,0.0743,0.0023,0.781,0.2018,0.5633,0.3468,NO
B,C,0.7076,0.6491,0.4277,0.3455,0.6257,0.3259,0.6394,0.9319,0.0495,0.5346,NO
E,B,0.5129,0.1086,0.2071,0.4916,0.0737,0.5341,0.2351,0.9045,0.1117,0.8303,YES
H,H,0.5125,0.0268,0.3416,0.4173,0.0277,0.3166,0.3537,0.4554,0.6014,0.4223,NO
C,B,0.2786,0.5833,0.9423,0.4828,0.9362,0.0771,0.5604,0.5898,0.3888,0.2275,YES
D,F,0.8101,0.3161,0.9133,0.539,0.178,0.2063,0.9457,0.9942,0.4455,0.3948,NO
G,D,0.3789,0.9229,0.002,0.4311,0.1808,0.5028,0.2187,0.0732,0.5242,0.6614,NO
E,F,0.0682,0.3389,0.2861,0.609,0.4436,0.3801,0.8301,0.3935,0.7158,0.2939,YES
F,E,0.0308,0.7169,0.4627,0.2931,0.563,0.05,0.9622,0.0861,0.5547,0.4515,NO
A,H,0.9359,0.2828,0.3503,0.5143,0.6967,0.3303,0.7018,0.5165,0.6182,0.8629,NO
D,F,0.8263,0.9476,0.0863,0.5411,0.4079,0.2675,0.3599,0.849,0.7736,0.1685,NO
F,B,0.9313,0.7533,0.0325,0.7152,0.6533,0.1445,0.2265,0.2348,0.4117,0.773,NO
D,C,0.853,0.8382,0.352,0.0844,0.1979,0.7257,0.2073,0.3234,0.0688,0.0739,NO
A,B,0.3573,0.5878,0.6292,0.861,0.1729,0.3295,0.2886,0.2398,0.0396,0.9475,NO
F,E,0.7335,0.6634,0.1666,0.4288,0.1541,0.6265,0.1874,0.786,0.0792,0.3239,YES
G,B,0.1116,0.8156,0.2386,0.2414,0.8177,0.137,0.0488,0.2091,0.6561,0.644,NO
A,D,0.1628,0.8713,0.4019,0.9268,0.0565,0.109,0.4551,0.5565,0.4416,0.6947,YES
A,F,0.0612,0.655,0.6384,0.4948,0.9821,0.6117,0.9509,0.6252,0.044,0.7557,NO
C,F,0.3368,0.5343,0.1684,0.7381,0.5066,0.3619,0.282,0.526,0.9916,0.4535,NO
H,F,0.6618,0.1667,0.2459,0.6776,0.2195,0.3029,0.2434,0.2483,0.3173,0.1412,NO
D,E,0.9091,0.5828,0.3006,0.2134,0.1061,0.973,0.6029,0.8585,0.1249,0.6316,NO
F,C,0.9462,0.4246,0.3093,0.5976,0.7762,0.2342,0.051,0.5446,0.2649,0.9533,YES
A,F,0.5395,0.7524,0.8342,0.7419,0.8906,0.2514,0.782,0.282,0.6893,0.3129,NO
D,F,0.9897,0.4072,0.0773,0.8239,0.4491,0.0929,0.7249,0.1816,0.9693,0.5095,NO
C,B,0.2552,0.349,0.3723,0.0597,0.2314,0.3344,0.8998,0.5794,0.428,0.4548,NO
E,B,0.1895,0.4564,0.8745,0.4566,0.1269,0.9167,0.2014,0.438,0.2271,0.1064,NO
H,A,0.2585,0.0845,0.7401,0.3156,0.0679,0.4743,0.8729,0.4699,0.7004,0.3691,NO
F,D,0.1493,0.1924,0.2977,0.521,0.6648,0.1212,0.4498,0.2989,0.3793,0.8633,NO
E,F,0.6914,0.953,0.7583,0.5801,0.1691,0.2525,0.2472,0.171,0.8207,0.7213,YES
E,E,0.4677,0.2744,0.9784,0.4994,0.0407,0.2012,0.5562,0.7871,0.1093,0.0762,NO
D,A,0.2493,0.4757,0.3709,0.8152,0.6647,0.4795,0.3847,0.4327,0.0367,0.1231,NO
E,B,0.3888,0.3823,0.7391,0.5346,0.2867,0.9492,0.2255,0.8713,0.9224,0.8151,YES
E,G,0.2552,0.4739,0.2358,0.5508,0.5919,0.5528,0.8344,0.6297,0.9574,0.5008,NO
F,A,0.3624,0.7395,0.1807,0.0985,0.4758,0.3252,0.1557,0.8533,0.4645,0.0494,YES
B,E,0.6301,0.5672,0.3166,0.7665,0.508,0.8227,0.0745,0.9571,0.7717,0.6158,NO
A,C,0.2524,0.7951,0.9663,0.1416,0.3512,0.0557,0.1117,0.3638,0.4084,0.4438,YES
A,B,0.351,0.503,0.1998,0.9607,0.8915,0.1209,0.6293,0.1653,0.0596,0.552,NO
B,B,0.5485,0.2239,0.635,0.6593,0.2002,0.4737,0.5798,0.4289,0.9442,0.6565,NO
D,H,0.8787,0.8051,0.3963,0.8107,0.2854,0.1511,0.2878,0.3917,0.5689,0.2661,YES
D,E,0.9691,0.8076,0.5181,0.0902,0.3782,0.2147,0.6799,0.4474,0.9729,0.727,YES
B,G,0.3975,0.1937,0.9593,0.9865,0.1882,0.0657,0.8805,0.2791,0.8043,0.8808,YES
C,E,0.7121,0.6413,0.1234,0.2349,0.2214,0.5286,0.8766,0.1797,0.1515,0.6416,YES
G,E,0.4214,0.3034,0.0275,0.3893,0.0008,0.386,0.0094,0.4311,0.2603,0.8461,NO
E,A,0.3266,0.5239,0.8598,0.5127,0.7223,0.5724,0.4683,0.2064,0.1293,0.1117,YES
F,G,0.22,0.0911,0.1148,0.5919,0.4893,0.2955,0.4261,0.8025,0.3033,0.5579,YES
G,E,0.3138,0.6213,0.4257,0.4062,0.6585,0.1727,0.4421,0.2847,0.1454,0.3702,NO
B,C,0.2185,0.3513,0.0389,0.1496,0.8689,0.9817,0.1348,0.2862,0.9741,0.9189,YES
D,C,0.1948,0.6569,0.5814,0.2808,0.3274,0.114,0.1255,0.55,0.2065,0.1045,NO
D,E,0.3642,0.9416,0.9232,0.0858,0.2077,0.2866,0.0886,0.6069,0.329,0.3881,YES
A,H,0.144,0.0433,0.3588,0.5041,0.5409,0.8657,0.4222,0.8897,0.9763,0.4954,YES
D,C,0.3056,0.4328,0.8386,0.1807,0.3469,0.9852,0.9388,0.7874,0.907,0.7434,NO
F,G,0.991,0.2429,0.0721,0.5376,0.2358,0.0033,0.3862,0.1198,0.7852,0.4259,YES
B,D,0.1521,0.6756,0.1574,0.243,0.1141,0.5694,0.8639,0.2291,0.2695,0.3061,YES
E,C,0.164,0.654,0.5131,0.75,0.9655,0.4221,0.4619,0.3011,0.4619,0.0712,YES
E,D,0.9948,0.6165,0.6165,0.8665,0.0881,0.229,0.9355,0.1429,0.0571,0.9648,YES
D,D,0.6896,0.4615,0.6977,0.1007,0.3019,0.8942,0.4582,0.4894,0.6046,0.2317,NO
B,F,0.8183,0.6442,0.5746,0.2058,0.5096,0.8424,0.1449,0.9342,0.5407,0.3004,YES
E,F,0.3874,0.6849,0.6164,0.2101,0.5094,0.6925,0.663,0.2118,0.1839,0.3387,NO
G,H,0.9403,0.9339,0.5953,0.4142,0.1454,0.1772,0.8114,0.9013,0.6667,0.6694,YES
C,G,0.116,0.1069,0.134,0.2955,0.1345,0.7086,0.3643,0.0145,0.3076,0.9294,YES
B,B,0.6344,0.1251,0.9608,0.8402,0.5063,0.1937,0.4722,0.2374,0.6343,0.06,NO
F,A,0.3183,0.9396,0.5288,0.537,0.0326,0.8433,0.2675,0.7619,0.3915,0.4392,NO
E,C,0.8204,0.9277,0.8038,0.7515,0.4852,0.1594,0.143,0.3255,0.8655,0.4934,NO
B,D,0.1525,0.1595,0.7805,0.933,0.8629,0.8711,0.61,0.4049,0.1245,0.3559,NO
F,B,0.8735,0.9241,0.9879,0.7585,0.9382,0.6485,0.4596,0.255,0.1546,0.2078,NO
A,F,0.0156,0.5067,0.8459,0.2871,0.5212,0.395,0.4295,0.8598,0.9275,0.7266,YES
H,B,0.043,0.9008,0.6351,0.3482,0.5508,0.3149,0.054,0.8509,0.6246,0.5357,NO
G,B,0.1516,0.8674,0.9581,0.2425,0.3343,0.6837,0.1847,0.1122,0.3801,0.6803,YES
C,F,0.4805,0.6242,0.3044,0.5597,0.7016,0.1568,0.7727,0.5311,0.5034,0.8657,YES
F,H,0.1142,0.1956,0.5678,0.6338,0.3729,0.6255,0.2795,0.8074,0.6929,0.9075,NO
G,D,0.9077,0.2771,0.6604,0.581,0.1293,0.5744,0.44,0.8595,0.1153,0.1536,YES
D,A,0.4665,0.0366,0.5311,0.568,0.0125,0.5091,0.2019,0.9046,0.7804,0.7339,YES
A,B,0.1403,0.3184,0.3044,0.8667,0.4735,0.7871,0.486,0.463,0.3947,0.6586,YES
F,C,0.3551,0.154,0.4015,0.6163,0.8395,0.1704,0.4529,0.8956,0.4237,0.9094,YES
H,H,0.2178,0.6083,0.5976,0.1055,0.6057,0.3068,0.4919,0.751,0.8575,0.3975,NO
E,D,0.5634,0.6896,0.3373,0.4654,0.6531,0.7824,0.1693,0.4834,0.0796,0.3188,NO
D,G,0.6243,0.1126,0.8779,0.0726,0.4622,0.5495,0.4532,0.6354,0.7413,0.9289,NO
D,A,0.6059,0.4807,0.6883,0.471,0.8556,0.5816,0.6366,0.184,0.3884,0.8701,NO
B,A,0.0756,0.4727,0.8433,0.3056,0.5986,0.6789,0.8386,0.2437,0.9202,0.8815,YES
B,H,0.3056,0.9139,0.5281,0.2089,0.2099,0.929,0.1539,0.231,0.6583,0.8174,NO
F,D,0.7088,0.3785,0.4861,0.1361,0.5575,0.8693,0.5865,0.4927,0.3158,0.7043,YES
A,D,0.7679,0.6624,0.9565,0.2644,0.334,0.1041,0.704,0.1961,0.1683,0.4919,YES
B,H,0.2938,0.103,0.7954,0.9825,0.9143,0.2858,0.03,0.0851,0.7431,0.6946,NO
H,B,0.2213,0.963,0.2011,0.3606,0.602,0.5296,0.2206,0.5844,0.2515,0.9912,NO
F,B,0.6848,0.2215,0.9367,0.5501,0.1281,0.8418,0.5234,0.2346,0.6834,0.8706,NO
E,B,0.6718,0.685,0.6945,0.3725,0.4873,0.6111,0.4101,0.5885,0.1956,0.5047,YES
F,F,0.1768,0.0083,0.1292,0.0075,0.6064,0.3132,0.4258,0.6945,0.7458,0.8976,YES
H,F,0.2905,0.8886,0.3085,0.9812,0.1476,0.505,0.417,0.9403,0.9918,0.5062,NO
D,F,0.8772,0.8457,0.2585,0.5375,0.9066,0.0502,0.7911,0.7957,0.1154,0.7804,NO
G,E,0.2215,0.438,0.1646,0.5883,0.052,0.3626,0.7831,0.264,0.6843,0.1031,NO
E,H,0.7203,0.5339,0.2565,0.7038,0.5356,0.6941,0.4048,0.3865,0.9089,0.0795,NO
B,C,0.4676,0.6844,0.4896,0.26,0.7975,0.3883,0.4357,0.2217,0.8313,0.1568,YES
B,A,0.9529,0.5456,0.1483,0.3225,0.2809,0.697,0.3154,0.981,0.5282,0.2846,NO
B,H,0.6052,0.1479,0.035,0.8736,0.9446,0.8075,0.4873,0.0524,0.0253,0.2095,YES
B,G,0.0958,0.0243,0.027,0.1355,0.8072,0.5482,0.8671,0.5427,0.3738,0.7648,NO
G,E,0.9914,0.3956,0.4655,0.4061,0.1802,0.4766,0.6426,0.8511,0.5433,0.4757,NO
C,D,0.369,0.7985,0.1932,0.2805,0.6652,0.4859,0.1494,0.7975,0.7785,0.3779,YES
B,E,0.7775,0.6953,0.7694,0.6686,0.1451,0.7193,0.575,0.5132,0.1963,0.9708,YES
G,H,0.5318,0.5601,0.3742,0.4104,0.2725,0.7937,0.7649,0.5999,0.9555,0.0286,YES
F,B,0.9742,0.6384,0.9087,0.0547,0.624,0.6434,0.9857,0.1115,0.6184,0.5384,NO
D,C,0.4118,0.2596,0.8307,0.8103,0.1888,0.0038,0.7503,0.7456,0.3201,0.6091,NO
E,F,0.538,0.1102,0.8485,0.9518,0.4791,0.703,0.2923,0.7494,0.0331,0.6969,YES
A,D,0.3202,0.4359,0.9724,0.5389,0.0524,0.1165,0.5658,0.1266,0.0356,0.1711,NO
A,D,0.8445,0.8492,0.3609,0.7945,0.9077,0.4358,0.6797,0.4459,0.3086,0.8688,NO
E,B,0.6572,0.4278,0.7637,0.7944,0.8526,0.0337,0.9207,0.5466,0.2404,0.7756,YES
A,C,0.514,0.8395,0.7112,0.8665,0.9204,0.9872,0.6129,0.9041,0.7144,0.2954,NO
H,B,0.9884,0.417,0.9686,0.631,0.9547,0.9692,0.7116,0.0765,0.6773,0.1318,YES
E,E,0.197,0.3964,0.3987,0.1866,0.8928,0.4433,0.4586,0.753,0.6289,0.3547,NO
D,E,0.6111,0.1929,0.8215,0.7892,0.7213,0.5059,0.2847,0.6268,0.2147,0.4159,YES
G,C,0.031,0.615,0.8137,0.9636,0.2601,0.8852,0.1475,0.409,0.5711,0.5055,YES
H,G,0.4914,0.4809,0.0853,0.6055,0.2394,0.9727,0.8026,0.3971,0.1598,0.5616,YES
H,B,0.0845,0.5708,0.8829,0.0015,0.0726,0.1958,0.3794,0.7,0.9285,0.3022,NO
E,D,0.3482,0.8971,0.635,0.0489,0.6103,0.774,0.1662,0.8303,0.0084,0.0822,YES
C,E,0.3876,0.7993,0.7369,0.4222,0.2319,0.1047,0.3565,0.0682,0.7845,0.0737,NO
A,B,0.0488,0.3553,0.3088,0.8882,0.53,0.5523,0.9004,0.3204,0.5706,0.9166,YES
D,A,0.887,0.0963,0.8847,0.2124,0.3812,0.2921,0.6318,0.1092,0.1026,0.7688,NO
G,G,0.8084,0.6012,0.2753,0.4847,0.3802,0.0531,0.365,0.7736,0.7115,0.3324,YES
D,C,0.1958,0.2152,0.0401,0.4932,0.9186,0.214,0.4391,0.1097,0.4228,0.1924,YES
F,G,0.7879,0.1214,0.0569,0.7739,0.7089,0.6887,0.0096,0.2563,0.3378,0.7042,NO
G,C,0.7175,0.871,0.8218,0.9288,0.7562,0.1153,0.7028,0.1578,0.1911,0.3317,YES
E,C,0.1018,0.7801,0.7006,0.0748,0.5366,0.7842,0.0652,0.6492,0.3616,0.0021,YES
D,G,0.0373,0.6551,0.318,0.2492,0.6977,0.9483,0.855,0.347,0.6423,0.2943,NO
D,B,0.1166,0.6531,0.627,0.5599,0.1965,0.7225,0.2302,0.0626,0.3897,0.1365,YES
A,D,0.9419,0.4705,0.2833,0.7939,0.5103,0.2437,0.4755,0.6222,0.0176,0.2984,NO
F,C,0.9669,0.4977,0.0306,0.2047,0.2623,0.1586,0.5475,0.999,0.5124,0.3912,YES
C,F,0.0358,0.1881,0.3816,0.4094,0.6948,0.4435,0.4359,0.5746,0.8946,0.765,NO
E,F,0.2276,0.4821,0.5774,0.1237,0.5082,0.0761,0.1816,0.9626,0.0162,0.5562,NO
F,E,0.5065,0.2441,0.1007,0.6726,0.652,0.9279,0.6882,0.3987,0.2936,0.3801,NO
C,C,0.7486,0.1743,0.1377,0.9725,0.8559,0.2189,0.5215,0.2642,0.5813,0.5421,NO
B,D,0.3351,0.8272,0.3822,0.2675,0.5824,0.2102,0.4875,0.9136,0.2806,0.0735,NO
D,F,0.6846,0.5354,0.9117,0.7561,0.8033,0.3348,0.1376,0.139,0.9276,0.9117,NO
G,G,0.1202,0.1781,0.2178,0.6677,0.2078,0.4659,0.7384,0.0038,0.554,0.8119,YES
G,G,0.816,0.8861,0.3239,0.2632,0.5914,0.9464,0.1463,0.6755,0.7291,0.2286,YES
A,H,0.1932,0.8329,0.1014,0.4756,0.0646,0.7112,0.3064,0.4789,0.7491,0.0032,YES
A,H,0.1629,0.0279,0.5676,0.9892,0.0865,0.6977,0.0042,0.6631,0.1502,0.4414,NO
C,G,0.5095,0.922,0.8395,0.2079,0.0526,0.2002,0.6787,0.0846,0.423,0.7704,YES
F,D,0.6667,0.6339,0.8554,0.6499,0.2754,0.8274,0.1713,0.2322,0.4155,0.1864,YES
B,H,0.4672,0.323,0.2026,0.1487,0.0848,0.1909,0.1292,0.867,0.1293,0.0089,YES
G,A,0.3535,0.1091,0.9778,0.0876,0.6188,0.4471,0.2857,0.6504,0.6805,0.4373,NO
H,E,0.4742,0.7256,0.5524,0.8866,0.5659,0.8858,0.6721,0.2221,0.3297,0.8594,NO
G,B,0.3773,0.4902,0.0787,0.1085,0.3357,0.777,0.8812,0.388,0.6175,0.072,NO
A,B,0.3656,0.5536,0.237,0.458,0.4636,0.8458,0.3051,0.4513,0.1379,0.2105,NO
F,E,0.8246,0.33,0.2625,0.3804,0.6174,0.144,0.6099,0.4277,0.6239,0.8353,YES
B,C,0.7993,0.1192,0.5431,0.3419,0.2507,0.8796,0.5222,0.1542,0.9837,0.3157,YES
E,C,0.1121,0.3644,0.2043,0.6854,0.3448,0.4016,0.5148,0.0351,0.7783,0.9825,YES
A,G,0.3207,0.1388,0.0054,0.3371,0.2967,0.2504,0.9414,0.8191,0.462,0.9529,NO
A,A,0.3734,0.943,0.4365,0.1128,0.7736,0.5582,0.1787,0.4914,0.2829,0.7952,NO
B,A,0.5999,0.0433,0.7553,0.5298,0.4301,0.2175,0.4855,0.2011,0.3704,0.0391,NO
E,E,0.9313,0.9747,0.9691,0.2195,0.737,0.7522,0.3416,0.5979,0.1731,0.987,NO
F,H,0.165,0.3521,0.1972,0.0323,0.8083,0.9944,0.5922,0.8074,0.1331,0.2869,YES
C,D,0.4693,0.3601,0.4476,0.5418,0.1015,0.7795,0.3254,0.8482,0.6573,0.3131,YES
A,A,0.7387,0.6381,0.9414,0.8951,0.3765,0.1641,0.5359,0.3235,0.9332,0.4108,NO
G,F,0.0627,0.1163,0.8808,0.8466,0.4216,0.4433,0.5929,0.5899,0.4793,0.4712,NO
C,H,0.7972,0.3791,0.5016,0.5909,0.9643,0.2217,0.9229,0.956,0.1008,0.0155,NO
H,F,0.7908,0.284,0.993,0.4933,0.6031,0.959,0.2743,0.5861,0.7048,0.5509,NO
B,E,0.556,0.6084,0.0916,0.2542,0.7146,0.009,0.0381,0.4103,0.7478,0.779,NO
F,B,0.6734,0.1504,0.7641,0.5399,0.9327,0.5463,0.2965,0.0333,0.1248,0.7184,NO
E,D,0.2621,0.8176,0.7361,0.7903,0.3931,0.7619,0.027,0.7464,0.721,0.4097,NO
H,H,0.5956,0.8403,0.1457,0.1737,0.5576,0.6156,0.536,0.0637,0.9403,0.9622,NO
F,B,0.5489,0.4264,0.8455,0.5725,0.702,0.4849,0.6932,0.9057,0.8732,0.0481,NO
G,A,0.7466,0.3591,0.3104,0.2752,0.2701,0.2675,0.3855,0.0287,0.0526,0.9167,YES
A,F,0.7902,0.3052,0.5705,0.8667,0.4331,0.6242,0.8699,0.223,0.646,0.6514,YES
F,G,0.5576,0.2607,0.9006,0.6316,0.5061,0.7745,0.1063,0.0874,0.2554,0.0587,YES
B,D,0.8287,0.3346,0.3927,0.0199,0.4056,0.8097,0.6711,0.682,0.4926,0.4965,NO
F,B,0.77,0.9167,0.8435,0.6131,0.4805,0.7601,0.5866,0.6432,0.8598,0.6992,YES
B,H,0.2143,0.4951,0.9595,0.7971,0.54,0.7459,0.5762,0.0099,0.6553,0.8613,NO
D,G,0.0444,0.0581,0.63,0.8205,0.4223,0.8466,0.2533,0.566,0.4297,0.522,NO
H,D,0.0848,0.2601,0.2401,0.3153,0.0112,0.1743,0.6292,0.8623,0.2418,0.4874,NO
B,H,0.1905,0.5497,0.9889,0.2826,0.9055,0.3575,0.5661,0.7701,0.8909,0.0708,YES
B,F,0.5576,0.2103,0.8911,0.2254,0.0449,0.8529,0.2281,0.2158,0.5364,0.0172,NO
F,D,0.4702,0.2866,0.1284,0.0679,0.5003,0.0719,0.2954,0.1251,0.3234,0.2608,NO
F,C,0.8495,0.4392,0.9065,0.3943,0.4278,0.3207,0.1736,0.1097,0.0755,0.1216,NO
D,G,0.5025,0.9366,0.2898,0.2802,0.0829,0.6183,0.5377,0.0219,0.3595,0.5697,YES
H,G,0.8464,0.6809,0.2482,0.6444,0.7078,0.7507,0.3278,0.1916,0.5346,0.3611,YES
A,B,0.2499,0.9033,0.864,0.7998,0.3853,0.1711,0.4703,0.2761,0.0142,0.7623,YES
E,C,0.5511,0.9296,0.9962,0.5277,0.2872,0.7341,0.5038,0.3308,0.4079,0.1035,YES
E,B,0.4977,0.1296,0.008,0.1532,0.3205,0.1321,0.3031,0.7439,0.7962,0.2828,NO
D,H,0.8592,0.3997,0.3487,0.3824,0.5961,0.1665,0.121,0.2795,0.5487,0.7014,NO
G,E,0.3027,0.7918,0.4976,0.2595,0.1592,0.902,0.5457,0.5966,0.3097,0.2777,NO
B,B,0.3543,0.5416,0.3939,0.497,0.1538,0.6902,0.7168,0.5185,0.4238,0.9735,YES
D,E,0.6223,0.5011,0.5475,0.8685,0.7238,0.223,0.9996,0.3658,0.9144,0.1382,NO
E,A,0.5964,0.2792,0.8396,0.5579,0.3877,0.3316,0.5519,0.2046,0.9585,0.4069,YES
E,F,0.5185,0.8069,0.1046,0.5422,0.8823,0.5228,0.5759,0.7397,0.8721,0.3798,YES
B,E,0.9128,0.1885,0.3481,0.4774,0.7439,0.7338,0.6232,0.0599,0.2652,0.7191,YES
A,E,0.1962,0.5928,0.7771,0.2773,0.9839,0.1494,0.4002,0.9102,0.2952,0.6197,NO
F,G,0.6238,0.3275,0.2043,0.6658,0.5502,0.6838,0.6775,0.5464,0.2541,0.2092,NO
C,B,0.8061,0.1769,0.2022,0.8957,0.081,0.4666,0.4533,0.4906,0.7314,0.8358,YES
H,C,0.6831,0.1522,0.2381,0.6298,0.6965,0.9241,0.7562,0.8348,0.0273,0.8252,NO
B,A,0.8586,0.873,0.6106,0.8677,0.9029,0.0559,0.2833,0.2352,0.991,0.8835,YES
D,C,0.0583,0.5783,0.1273,0.0655,0.9207,0.0573,0.8963,0.4096,0.9781,0.9588,NO
F,B,0.4705,0.3773,0.7543,0.6511,0.5151,0.96,0.0527,0.2469,0.8699,0.0577,NO
F,E,0.5802,0.6027,0.0964,0.6269,0.0693,0.8966,0.0081,0.3019,0.3637,0.1484,YES
B,E,0.6765,0.0946,0.0682,0.2693,0.7873,0.2951,0.1329,0.6867,0.9571,0.2404,NO
G,H,0.1046,0.6725,0.1855,0.1784,0.2968,0.9617,0.5755,0.4896,0.2972,0.6588,NO
B,F,0.0914,0.904,0.9798,0.1805,0.734,0.0941,0.1451,0.7834,0.9022,0.1358,NO
F,G,0.2113,0.1131,0.6681,0.6753,0.1089,0.8965,0.2724,0.6002,0.4367,0.799,YES
A,H,0.9408,0.476,0.9944,0.1709,0.0571,0.7334,0.239,0.3758,0.0214,0.9114,YES
H,A,0.8413,0.6995,0.5607,0.1904,0.7088,0.6557,0.397,0.0657,0.4917,0.9926,YES
D,C,0.5999,0.6905,0.6881,0.525,0.8159,0.4813,0.3439,0.1776,0.1468,0.4872,NO
F,B,0.5027,0.2402,0.5366,0.0519,0.7713,0.93,0.1414,0.5384,0.246,0.0739,NO
C,H,0.487,0.7218,0.4899,0.1036,0.384,0.8404,0.3873,0.1194,0.247,0.1199,YES
D,G,0.5043,0.0575,0.281,0.0114,0.7205,0.2013,0.3464,0.9005,0.0561,0.2099,NO
D,B,0.7553,0.5863,0.4361,0.4005,0.6952,0.5566,0.2831,0.2013,0.9882,0.3153,NO
F,F,0.608,0.2186,0.0727,0.0895,0.2651,0.6961,0.1944,0.0015,0.6365,0.6796,NO
E,A,0.9879,0.0009,0.0306,0.6073,0.0811,0.1287,0.1863,0.5177,0.872,0.6371,NO
B,E,0.9263,0.9306,0.7835,0.3026,0.3427,0.3438,0.0289,0.4754,0.7963,0.2773,NO
D,D,0.2548,0.2511,0.5187,0.1991,0.0663,0.6315,0.966,0.1175,0.6342,0.4046,YES
H,G,0.5487,0.2065,0.251,0.3475,0.3782,0.161,0.0371,0.0608,0.0097,0.3505,YES
B,G,0.8064,0.1988,0.7895,0.7134,0.376,0.8008,0.811,0.8974,0.6614,0.4633,NO
C,B,0.8329,0.0346,0.7453,0.4183,0.2149,0.5177,0.7042,0.8764,0.5727,0.4097,NO
A,H,0.775,0.7642,0.2596,0.5084,0.6093,0.2344,0.4232,0.2708,0.7438,0.7548,YES
G,E,0.1339,0.5482,0.6921,0.0765,0.4938,0.1263,0.931,0.0998,0.6508,0.6294,YES
A,E,0.397,0.8933,0.9796,0.0827,0.0168,0.5419,0.4954,0.8236,0.1336,0.6512,YES
H,H,0.6163,0.1388,0.1773,0.8897,0.2767,0.3193,0.8198,0.1878,0.9994,0.179,NO
F,E,0.457,0.2477,0.4249,0.8561,0.3759,0.8299,0.2619,0.5229,0.4671,0.6281,YES
G,F,0.5143,0.8948,0.4977,0.538,0.1206,0.7373,0.9563,0.1302,0.9103,0.463,YES
A,E,0.3876,0.3931,0.1764,0.734,0.3427,0.5333,0.4584,0.3176,0.2096,0.2127,NO
H,A,0.5167,0.1948,0.0205,0.2489,0.6704,0.9694,0.8604,0.1118,0.1835,0.7667,NO
G,G,0.5868,0.4581,0.5063,0.2963,0.78,0.9968,0.2802,0.2215,0.3088,0.9685,YES
G,F,0.0084,0.1629,0.3576,0.5295,0.755,0.8385,0.3896,0.7824,0.408,0.7365,NO
B,C,0.0693,0.4518,0.1375,0.0521,0.7897,0.056,0.5985,0.5009,0.8544,0.6239,NO
B,B,0.1166,0.4684,0.6447,0.2093,0.5482,0.3144,0.7833,0.7576,0.1084,0.0105,YES
A,H,0.1292,0.7504,0.8535,0.989,0.7636,0.212,0.1039,0.6495,0.3369,0.3696,YES
B,D,0.947,0.9978,0.8446,0.7732,0.8643,0.8239,0.2963,0.0739,0.4334,0.0149,NO
E,B,0.4113,0.4985,0.4219,0.0312,0.4602,0.3337,0.41,0.0758,0.1583,0.5503,NO
C,E,0.1124,0.8967,0.4517,0.8727,0.4884,0.6495,0.2745,0.8177,0.7434,0.3146,YES
F,G,0.7978,0.8665,0.1369,0.5503,0.6132,0.1995,0.5027,0.4768,0.8681,0.1556,NO
E,C,0.2674,0.917,0.3245,0.6327,0.0448,0.5401,0.499,0.1019,0.48,0.905,NO
A,E,0.7425,0.4057,0.1528,0.8267,0.012,0.6557,0.0793,0.9697,0.2179,0.3211,NO
A,D,0.6836,0.3451,0.5269,0.2974,0.7381,0.1772,0.8242,0.5774,0.7073,0.0097,YES
A,A,0.4561,0.909,0.0638,0.9975,0.3768,0.9365,0.3053,0.0962,0.44,0.6566,NO
H,D,0.1507,0.4505,0.3038,0.0564,0.9698,0.8162,0.1911,0.0643,0.1399,0.7774,NO
A,B,0.3189,0.787,0.8337,0.22,0.42,0.2021,0.328,0.188,0.5037,0.851,YES
E,C,0.9023,0.5027,0.7651,0.7558,0.8393,0.7854,0.1858,0.3241,0.3718,0.6983,NO
B,B,0.8761,0.8037,0.6801,0.8675,0.1819,0.9699,0.6361,0.5009,0.9639,0.2935,YES
A,E,0.7539,0.651,0.7571,0.9102,0.2635,0.9074,0.2879,0.414,0.8455,0.4945,YES
F,A,0.5038,0.2445,0.1065,0.5812,0.3704,0.4083,0.9647,0.4292,0.5969,0.0848,NO
G,H,0.8184,0.9674,0.5028,0.5942,0.8396,0.796,0.2215,0.3283,0.0232,0.3005,NO
A,E,0.3753,0.4264,0.9651,0.1165,0.5798,0.9069,0.2433,0.2146,0.9861,0.4261,NO
G,C,0.0471,0.9378,0.5409,0.2772,0.12,0.8778,0.5551,0.8172,0.8978,0.7163,NO
D,F,0.9276,0.7509,0.4346,0.1283,0.7094,0.7995,0.4012,0.2427,0.7418,0.7347,YES
C,G,0.7085,0.4511,0.7455,0.4176,0.4101,0.9162,0.1042,0.9591,0.6319,0.0825,YES
A,C,0.7834,0.8049,0.4969,0.1241,0.3297,0.7563,0.6985,0.5943,0.9726,0.2494,YES
D,F,0.6759,0.0572,0.7186,0.9272,0.4306,0.2746,0.2352,0.5831,0.157,0.3598,NO
H,G,0.2064,0.3346,0.5129,0.4185,0.1932,0.7097,0.6024,0.3122,0.388,0.7214,YES
H,H,0.6074,0.4632,0.6805,0.6999,0.9065,0.1214,0.9887,0.9913,0.9703,0.0468,NO
E,C,0.1643,0.5268,0.3151,0.1926,0.7958,0.2987,0.9648,0.0474,0.4548,0.1353,NO
D,D,0.8354,0.4787,0.0382,0.8915,0.7777,0.7746,0.5754,0.2464,0.8857,0.2328,NO
B,C,0.3737,0.5857,0.5638,0.9584,0.7328,0.8411,0.3921,0.7586,0.5285,0.1711,NO
A,D,0.5318,0.9908,0.9399,0.3534,0.9328,0.6919,0.6222,0.698,0.3132,0.5328,YES
A,C,0.9045,0.943,0.4806,0.5351,0.1503,0.0811,0.9633,0.8739,0.3875,0.4233,NO
B,G,0.8635,0.1617,0.2226,0.8794,0.8626,0.9663,0.9838,0.5204,0.5518,0.5607,NO
D,G,0.3784,0.5091,0.9387,0.1666,0.4342,0.1421,0.5314,0.0018,0.3111,0.891,NO
D,C,0.175,0.9656,0.1638,0.744,0.329,0.5214,0.3841,0.8456,0.3073,0.6671,YES
E,D,0.2823,0.7428,0.9284,0.4406,0.4143,0.7382,0.3856,0.8168,0.646,0.8606,YES
D,F,0.6533,0.6705,0.3904,0.9113,0.3666,0.3753,0.3731,0.9035,0.5277,0.5873,NO
B,E,0.6095,0.2081,0.2556,0.6188,0.3429,0.6751,0.6167,0.5598,0.4928,0.0082,YES
E,G,0.1419,0.2674,0.0608,0.8977,0.2019,0.091,0.3301,0.5833,0.5528,0.356,YES
A,G,0.0163,0.9686,0.3076,0.5439,0.0622,0.5571,0.502,0.6916,0.8212,0.3665,YES
D,E,0.7009,0.8281,0.9312,0.2593,0.7186,0.6599,0.0438,0.4515,0.5156,0.025,YES
F,D,0.9856,0.1255,0.4255,0.7576,0.3835,0.6521,0.2104,0.3983,0.8272,0.9826,NO
F,G,0.1787,0.7847,0.3176,0.2746,0.8805,0.4913,0.7979,0.8785,0.6887,0.6409,YES
G,D,0.5468,0.8516,0.3755,0.6285,0.3905,0.0355,0.7015,0.29,0.1336,0.1593,NO
C,E,0.313,0.6469,0.4892,0.4057,0.3897,0.8875,0.4876,0.557,0.6389,0.7019,YES
C,D,0.9133,0.0566,0.1008,0.6551,0.0082,0.3159,0.467,0.8662,0.7162,0.4007,NO
C,B,0.0699,0.8741,0.196,0.1725,0.0025,0.522,0.4761,0.6598,0.3247,0.6645,YES
E,H,0.5016,0.8532,0.0067,0.1112,0.5497,0.8151,0.7933,0.0233,0.2591,0.9315,NO
G,A,0.5555,0.685,0.4348,0.2306,0.3778,0.46,0.6871,0.249,0.0362,0.9172,NO
G,G,0.2337,0.2082,0.3541,0.9796,0.6886,0.1571,0.5705,0.9763,0.6915,0.5621,NO
A,F,0.0037,0.8591,0.8314,0.9439,0.0467,0.7948,0.6706,0.715,0.1803,0.4743,NO
D,E,0.0322,0.3074,0.0017,0.4276,0.8888,0.0403,0.6484,0.8931,0.9964,0.6407,YES
F,D,0.6993,0.1655,0.5648,0.6627,0.6555,0.3048,0.3827,0.5024,0.6668,0.1163,YES
B,A,0.7471,0.0096,0.7055,0.2411,0.5515,0.7147,0.1832,0.6983,0.3139,0.9526,NO
C,H,0.5255,0.6985,0.3897,0.9118,0.2873,0.4449,0.0921,0.855,0.9578,0.7744,NO
B,F,0.4408,0.8327,0.3561,0.3086,0.165,0.9155,0.7588,0.1026,0.9283,0.5694,NO
B,C,0.8518,0.5312,0.5038,0.5848,0.2012,0.6976,0.7856,0.4943,0.6023,0.2512,YES
D,B,0.0107,0.294,0.6009,0.3768,0.6285,0.1861,0.0387,0.1706,0.2124,0.0789,NO
G,G,0.726,0.914,0.5702,0.1951,0.521,0.439,0.4434,0.5649,0.8734,0.1177,NO
E,F,0.111,0.4572,0.343,0.138,0.5447,0.8343,0.0865,0.5272,0.7907,0.0545,YES
F,H,0.3999,0.326,0.648,0.5081,0.1202,0.7996,0.2839,0.8686,0.7699,0.6292,NO
B,D,0.393,0.9724,0.0372,0.2303,0.9602,0.5228,0.3217,0.1324,0.7655,0.4638,YES
F,H,0.8271,0.791,0.916,0.4517,0.0501,0.4192,0.1611,0.695,0.6263,0.5397,NO
B,G,0.1543,0.9033,0.0138,0.5185,0.2886,0.9508,0.2773,0.5721,0.8366,0.6498,NO
E,D,0.1837,0.1629,0.682,0.9293,0.9548,0.6377,0.7112,0.9068,0.1071,0.8252,YES
F,C,0.8011,0.9589,0.0957,0.5754,0.4184,0.9449,0.8575,0.8934,0.814,0.6687,NO
C,D,0.4957,0.1098,0.3201,0.7379,0.883,0.7169,0.343,0.5462,0.6267,0.8838,NO
C,C,0.7732,0.2885,0.0803,0.6532,0.408,0.6014,0.3759,0.2596,0.3892,0.9245,YES
D,E,0.9479,0.099,0.1821,0.8572,0.7326,0.2421,0.2211,0.1366,0.0378,0.6136,NO
B,D,0.7437,0.7929,0.6987,0.9564,0.3492,0.5347,0.7624,0.2103,0.1775,0.9439,YES
G,H,0.9961,0.5131,0.0853,0.8391,0.6837,0.3009,0.3661,0.1963,0.1741,0.028,NO
H,D,0.0542,0.1446,0.5952,0.1934,0.6018,0.627,0.3715,0.7964,0.9317,0.0405,YES
C,D,0.2407,0.5046,0.7196,0.0124,0.1612,0.2729,0.9054,0.9499,0.358,0.5948,NO
H,D,0.9874,0.7514,0.01,0.8067,0.7936,0.0094,0.0709,0.1581,0.4967,0.9607,NO
E,B,0.5776,0.8271,0.6731,0.5042,0.1755,0.2713,0.5234,0.7955,0.2243,0.9309,NO
H,D,0.3184,0.7104,0.8125,0.721,0.5855,0.41,0.0733,0.6658,0.9631,0.0429,NO
G,D,0.6233,0.8417,0.9769,0.9577,0.734,0.3938,0.553,0.6576,0.1709,0.7648,NO
E,F,0.6395,0.4492,0.3649,0.9047,0.7096,0.745,0.2018,0.983,0.656,0.6217,YES
H,C,0.1874,0.6852,0.0214,0.4488,0.5761,0.2997,0.7019,0.0226,0.7781,0.3503,NO
C,B,0.7467,0.0531,0.0086,0.0802,0.6237,0.3914,0.6655,0.9548,0.1511,0.6968,YES
F,A,0.7935,0.28,0.2036,0.658,0.9005,0.031,0.7646,0.8164,0.6549,0.1693,NO
G,A,0.1946,0.1584,0.026,0.605,0.7905,0.4934,0.9479,0.4436,0.0155,0.0626,NO
G,C,0.3583,0.0538,0.4306,0.5565,0.6264,0.373,0.8652,0.3604,0.2799,0.2416,NO
C,F,0.6698,0.7813,0.5405,0.119,0.5737,0.7581,0.5516,0.2162,0.3295,0.6837,YES
B,B,0.1189,0.4492,0.275,0.0671,0.6872,0.2464,0.5162,0.8655,0.4793,0.4482,NO
B,H,0.6063,0.1001,0.1334,0.4111,0.2137,0.1112,0.9402,0.4251,0.3338,0.3106,NO
G,E,0.7019,0.6613,0.8748,0.3815,0.9603,0.4875,0.8081,0.8258,0.2044,0.5387,NO
G,G,0.5569,0.8374,0.7577,0.2439,0.4676,0.0463,0.4657,0.5538,0.6406,0.0812,YES
G,D,0.7976,0.7422,0.6368,0.4182,0.4819,0.2956,0.112,0.4449,0.1862,0.8556,NO
H,G,0.4265,0.9655,0.2104,0.0068,0.0928,0.2973,0.9829,0.4544,0.2812,0.6891,YES
A,C,0.1822,0.1397,0.3707,0.9244,0.7492,0.0916,0.8071,0.1979,0.8463,0.5496,NO
B,E,0.025,0.4726,0.0313,0.0109,0.4453,0.9852,0.2433,0.7507,0.0111,0.7518,NO
C,E,0.3364,0.1847,0.7726,0.2354,0.3163,0.0986,0.0156,0.8784,0.5172,0.1914,YES
E,C,0.2984,0.68,0.9457,0.3392,0.0925,0.5905,0.9653,0.4022,0.8303,0.6181,YES
F,C,0.3537,0.1023,0.7026,0.4721,0.9532,0.0227,0.9666,0.0645,0.6037,0.0626,NO
A,G,0.4092,0.0487,0.792,0.2352,0.0215,0.8818,0.9254,0.7333,0.3494,0.2475,NO
H,D,0.8159,0.7215,0.5833,0.2748,0.6562,0.9376,0.607,0.8612,0.7127,0.8664,NO
A,G,0.2307,0.0339,0.8016,0.9284,0.1847,0.0554,0.1752,0.2751,0.1588,0.5964,YES
A,F,0.2592,0.7657,0.9018,0.3189,0.5943,0.0719,0.8768,0.8413,0.41,0.5367,YES
H,B,0.2115,0.4238,0.2017,0.2027,0.4074,0.5182,0.9296,0.3225,0.5018,0.4081,YES
E,B,0.3885,0.4599,0.0757,0.3708,0.9175,0.9528,0.6368,0.1236,0.2596,0.4534,YES
C,G,0.6479,0.7833,0.0598,0.7375,0.4782,0.8385,0.143,0.7834,0.5065,0.0454,YES
D,B,0.1081,0.7815,0.4295,0.104,0.6709,0.4007,0.4793,0.4797,0.8021,0.6906,YES
F,H,0.4236,0.2728,0.0898,0.3634,0.1993,0.8972,0.438,0.9453,0.4513,0.624,NO
G,A,0.4466,0.7927,0.774,0.0661,0.8145,0.2649,0.6023,0.7477,0.8486,0.1657,YES
C,H,0.7025,0.0477,0.4003,0.1874,0.7388,0.1718,0.4154,0.896,0.1236,0.757,NO
E,B,0.2176,0.308,0.5542,0.1741,0.0362,0.0607,0.3116,0.0971,0.0299,0.6451,NO
D,A,0.8436,0.8308,0.6053,0.3955,0.9728,0.8317,0.5157,0.4152,0.3941,0.9815,YES
B,C,0.754,0.8365,0.3236,0.8223,0.2289,0.0258,0.8312,0.0995,0.5765,0.4411,YES
B,E,0.8643,0.1795,0.8435,0.2845,0.1494,0.9706,0.0471,0.1474,0.9851,0.0641,YES
B,G,0.3294,0.0502,0.6011,0.625,0.3524,0.1879,0.3698,0.3749,0.1881,0.2099,YES
G,B,0.2754,0.5248,0.5511,0.3526,0.5268,0.1462,0.4169,0.3606,0.0426,0.7195,YES
H,F,0.3018,0.6278,0.6321,0.9158,0.6562,0.0906,0.4353,0.9473,0.1955,0.4089,YES
D,F,0.9197,0.7452,0.0081,0.1383,0.7246,0.4407,0.9691,0.7928,0.208,0.9831,YES
F,E,0.7503,0.1877,0.2317,0.2153,0.1881,0.9741,0.1689,0.7082,0.86,0.1262,YES
C,B,0.9145,0.126,0.6007,0.2224,0.4485,0.529,0.2221,0.891,0.4625,0.0159,NO
H,A,0.6688,0.3069,0.4337,0.2101,0.2985,0.3361,0.1689,0.4677,0.721,0.7582,NO
G,B,0.0347,0.1112,0.2908,0.7927,0.4284,0.6122,0.9893,0.078,0.7838,0.3703,NO
D,A,0.3949,0.8668,0.5622,0.253,0.1597,0.7081,0.7903,0.1541,0.906,0.266,YES
C,E,0.7017,0.1611,0.8856,0.0734,0.0472,0.8454,0.1382,0.5537,0.9922,0.1857,NO
G,D,0.5923,0.1426,0.6718,0.5836,0.6765,0.5687,0.9872,0.6939,0.6058,0.449,YES
C,E,0.4393,0.4664,0.4602,0.6124,0.1212,0.2586,0.7166,0.2102,0.2639,0.3518,YES
D,C,0.6817,0.5749,0.1613,0.5722,0.681,0.326,0.1459,0.2087,0.052,0.3651,NO
H,B,0.4404,0.7465,0.9958,0.8175,0.1945,0.1665,0.8725,0.6994,0.594,0.6834,YES
D,B,0.612,0.4799,0.0364,0.986,0.2548,0.3824,0.6992,0.0472,0.0951,0.5997,YES
A,C,0.9392,0.0844,0.6344,0.0049,0.0566,0.5135,0.2083,0.3269,0.6452,0.1239,NO
H,H,0.4181,0.144,0.795,0.9695,0.9101,0.1976,0.4946,0.8654,0.5995,0.5061,YES
G,C,0.8762,0.4272,0.366,0.0861,0.6316,0.0914,0.6746,0.4467,0.6334,0.2215,YES
B,H,0.1768,0.0685,0.9837,0.9063,0.979,0.2814,0.2086,0.9094,0.7144,0.6269,YES
H,H,0.7987,0.1023,0.8982,0.0378,0.2834,0.3103,0.1481,0.4127,0.5235,0.0561,NO
B,H,0.1083,0.345,0.6755,0.1227,0.5257,0.1624,0.3378,0.2786,0.3315,0.7563,YES
G,H,0.3815,0.8473,0.7324,0.7837,0.8227,0.8135,0.7182,0.8217,0.8935,0.1168,YES
H,H,0.6398,0.8409,0.2902,0.5562,0.4277,0.9605,0.5227,0.7589,0.9459,0.2562,YES
D,E,0.7189,0.5934,0.7288,0.7949,0.7606,0.9097,0.6828,0.6684,0.1411,0.2764,YES
E,D,0.8335,0.4887,0.1247,0.9607,0.1869,0.5236,0.3879,0.4522,0.2468,0.6785,NO
D,B,0.7438,0.8332,0.5357,0.2186,0.006,0.5165,0.4907,0.529,0.3598,0.3772,YES
A,C,0.1854,0.0104,0.3407,0.244,0.3867,0.8617,0.7864,0.8773,0.8364,0.0708,NO
C,D,0.0452,0.6348,0.9522,0.5664,0.4122,0.9666,0.951,0.3085,0.0681,0.5804,NO
H,B,0.3524,0.9414,0.9397,0.5335,0.506,0.4111,0.3351,0.2683,0.4754,0.3933,YES
D,F,0.5683,0.345,0.5095,0.3647,0.1744,0.3342,0.2675,0.9144,0.6148,0.0864,NO
B,D,0.1217,0.3569,0.5335,0.712,0.7069,0.4642,0.614,0.8205,0.0573,0.7625,NO
D,E,0.4613,0.6222,0.7684,0.3062,0.6528,0.1584,0.1497,0.344,0.1611,0.2693,YES
G,B,0.9638,0.5235,0.9487,0.1231,0.734,0.1146,0.1282,0.2815,0.8811,0.7686,NO
E,E,0.2807,0.2551,0.5989,0.1313,0.3165,0.3693,0.949,0.9843,0.8215,0.1296,NO
D,B,0.8922,0.3496,0.5095,0.0468,0.4075,0.0885,0.2545,0.7735,0.4621,0.4657,NO
A,E,0.4735,0.8819,0.1358,0.2982,0.9001,0.4154,0.5742,0.2113,0.3992,0.439,NO
B,F,0.2192,0.8671,0.1535,0.0164,0.4452,0.6886,0.477,0.5425,0.1643,0.2273,YES
C,F,0.9205,0.7314,0.4096,0.9431,0.6258,0.0171,0.3057,0.743,0.6552,0.2139,YES
E,B,0.2822,0.5576,0.8887,0.3917,0.8603,0.9765,0.846,0.3554,0.6477,0.0705,NO
G,A,0.2863,0.9108,0.8707,0.2535,0.4323,0.2886,0.1688,0.5268,0.3087,0.1462,NO
A,C,0.3983,0.3089,0.5606,0.8993,0.1718,0.4399,0.6988,0.2634,0.1011,0.0683,NO
A,G,0.3114,0.2283,0.2611,0.4149,0.8632,0.076,0.9397,0.8709,0.4459,0.2804,YES
G,G,0.0713,0.3312,0.1547,0.6094,0.8772,0.7847,0.7436,0.2609,0.5065,0.5147,YES
A,D,0.5843,0.999,0.4747,0.2951,0.0858,0.4307,0.8015,0.3006,0.9685,0.5577,YES
B,B,0.8424,0.6374,0.4652,0.2673,0.4801,0.2335,0.9566,0.8587,0.781,0.5811,YES
D,D,0.1738,0.764,0.9562,0.9019,0.4282,0.2597,0.4469,0.6581,0.2395,0.7242,YES
F,F,0.2583,0.6311,0.4664,0.5103,0.7929,0.533,0.8648,0.3308,0.2052,0.4553,YES
E,E,0.1139,0.2232,0.8764,0.4596,0.0888,0.176,0.1972,0.8837,0.8966,0.2004,YES
B,B,0.99,0.2369,0.4231,0.4633,0.3598,0.4736,0.0605,0.2606,0.9441,0.0072,YES
C,H,0.1195,0.3956,0.3693,0.3376,0.2494,0.006,0.8725,0.4016,0.5123,0.8224,YES
F,G,0.2191,0.4341,0.5565,0.2425,0.4168,0.6526,0.9316,0.0517,0.6695,0.1542,NO
D,A,0.744,0.1348,0.3684,0.2812,0.1883,0.5719,0.9785,0.9496,0.7763,0.682,NO
B,A,0.9567,0.8914,0.7493,0.4836,0.5323,0.0997,0.922,0.2591,0.6007,0.4674,YES
E,C,0.4657,0.0131,0.1768,0.4634,0.0647,0.0572,0.2374,0.3817,0.423,0.7323,NO
F,D,0.6731,0.3338,0.8894,0.9849,0.5377,0.3755,0.9474,0.0496,0.847,0.5472,NO
G,E,0.124,0.4508,0.629,0.3741,0.9846,0.25,0.044,0.7917,0.9908,0.753,YES
E,A,0.8662,0.2827,0.0339,0.4429,0.2326,0.8657,0.4088,0.163,0.6558,0.0951,NO
C,D,0.5176,0.838,0.2108,0.9944,0.1729,0.998,0.5939,0.0587,0.0297,0.3569,NO
F,H,0.6969,0.7774,0.9701,0.5409,0.0979,0.2379,0.1558,0.8626,0.2722,0.9911,YES
A,A,0.4898,0.5516,0.993,0.7214,0.1372,0.2943,0.3878,0.7895,0.4631,0.8406,YES
F,D,0.692,0.9002,0.9368,0.0735,0.6305,0.7628,0.4397,0.5124,0.8523,0.0005,YES
G,B,0.2125,0.839,0.5514,0.5095,0.1038,0.05,0.9058,0.1752,0.1183,0.532,NO
F,E,0.7431,0.5261,0.2753,0.859,0.9946,0.6654,0.6698,0.4404,0.931,0.0222,NO
A,G,0.657,0.927,0.3508,0.5312,0.9725,0.3112,0.4776,0.4351,0.4067,0.0205,YES
F,D,0.4118,0.6918,0.1084,0.4328,0.9736,0.9142,0.0976,0.3876,0.606,0.294,YES
B,B,0.9645,0.6408,0.7965,0.2925,0.3448,0.4467,0.2917,0.4594,0.5518,0.6721,NO
E,C,0.4596,0.0483,0.8677,0.5921,0.0128,0.2991,0.372,0.6429,0.2766,0.3217,NO
A,H,0.6706,0.9961,0.1657,0.2633,0.3506,0.1922,0.1282,0.9119,0.2667,0.1468,NO
C,C,0.4289,0.7701,0.6298,0.4392,0.9592,0.0317,0.3049,0.7638,0.2703,0.0854,NO
C,H,0.2045,0.1096,0.9458,0.6342,0.9981,0.3123,0.779,0.0147,0.7995,0.3328,YES
D,F,0.7386,0.812,0.6283,0.3691,0.3776,0.0002,0.0498,0.8718,0.3366,0.9745,YES
B,B,0.0018,0.1323,0.7606,0.3244,0.8756,0.7186,0.2604,0.7544,0.3276,0.5399,YES
C,A,0.1558,0.4791,0.8736,0.7424,0.2152,0.897,0.114,0.0292,0.042,0.3628,NO
H,A,0.1284,0.7562,0.3238,0.1232,0.3264,0.9378,0.68,0.0086,0.5657,0.5304,NO
B,A,0.584,0.2772,0.1496,0.457,0.7267,0.6707,0.2437,0.8844,0.2636,0.8692,NO
F,D,0.3922,0.1525,0.5451,0.8843,0.1504,0.73,0.8364,0.3695,0.6511,0.3553,YES
D,B,0.9904,0.0066,0.6209,0.2369,0.253,0.6749,0.2254,0.0492,0.6269,0.4535,YES
G,B,0.9106,0.0383,0.3665,0.2861,0.0023,0.8691,0.8911,0.1204,0.5481,0.1081,YES
A,H,0.4202,0.769,0.4856,0.3492,0.5215,0.2201,0.0039,0.1627,0.0146,0.0933,YES
A,E,0.7827,0.4157,0.4855,0.016,0.2205,0.9553,0.6927,0.3744,0.8662,0.7634,NO
G,D,0.157,0.9585,0.9392,0.0202,0.9958,0.0643,0.8683,0.4212,0.696,0.363,NO
G,E,0.2809,0.6172,0.0826,0.5109,0.6212,0.0614,0.3777,0.2912,0.8802,0.5135,YES
G,D,0.4494,0.0339,0.2077,0.3469,0.9518,0.3354,0.9752,0.3092,0.1565,0.6852,NO
H,B,0.8566,0.9437,0.2737,0.5515,0.7185,0.5552,0.633,0.5359,0.8958,0.9804,NO
C,F,0.3528,0.7511,0.6644,0.2793,0.9558,0.1713,0.7118,0.5251,0.135,0.036,YES
F,C,0.4773,0.8542,0.9099,0.9901,0.2623,0.0582,0.6807,0.4362,0.2917,0.8153,NO
F,G,0.6831,0.4466,0.2464,0.9293,0.0071,0.2137,0.1113,0.0395,0.6297,0.5803,YES
G,G,0.9393,0.6402,0.2471,0.169,0.0206,0.2362,0.8302,0.7106,0.7452,0.3165,YES
D,F,0.6334,0.835,0.1839,0.2176,0.488,0.1869,0.5464,0.7179,0.4258,0.5256,NO
H,F,0.3418,0.8042,0.1925,0.2148,0.4511,0.8625,0.7639,0.729,0.8143,0.3698,NO
G,D,0.8666,0.1115,0.4211,0.0477,0.5473,0.7607,0.5381,0.8654,0.2448,0.6056,NO
B,G,0.4831,0.064,0.7753,0.1543,0.1972,0.0021,0.5118,0.4611,0.2398,0.4454,NO
G,H,0.4602,0.5163,0.0637,0.126,0.108,0.1528,0.8345,0.6297,0.543,0.9299,NO
D,B,0.2627,0.2255,0.6008,0.6561,0.261,0.5229,0.926,0.376,0.9079,0.813,YES
F,A,0.1594,0.3994,0.4168,0.5689,0.7156,0.1509,0.999,0.3271,0.4096,0.5164,NO
C,G,0.8868,0.1368,0.7864,0.6635,0.9619,0.7506,0.2329,0.5436,0.156,0.333,YES
D,B,0.4054,0.2973,0.4927,0.4327,0.6777,0.8656,0.3475,0.1279,0.7248,0.7877,NO
A,D,0.2594,0.8344,0.5315,0.3956,0.646,0.4863,0.1487,0.7498,0.0113,0.0838,NO
B,E,0.1749,0.406,0.5895,0.5772,0.7055,0.6468,0.6543,0.3207,0.2793,0.038,NO
G,F,0.513,0.079,0.2911,0.2693,0.7937,0.2442,0.4126,0.7707,0.7415,0.828,NO
C,E,0.3455,0.5808,0.3031,0.2058,0.3571,0.3032,0.5179,0.532,0.4503,0.4651,NO
E,A,0.2611,0.1295,0.342,0.9278,0.7384,0.7771,0.579,0.2473,0.1312,0.7626,YES
B,H,0.1735,0.9929,0.9079,0.8206,0.323,0.0135,0.796,0.0145,0.1586,0.1001,NO
E,G,0.4185,0.7675,0.4264,0.3672,0.5173,0.0771,0.5615,0.9109,0.8515,0.5412,YES
C,F,0.2509,0.3752,0.8293,0.3944,0.2683,0.524,0.7362,0.1769,0.7066,0.3044,YES
H,E,0.4575,0.2531,0.6645,0.1504,0.6448,0.4709,0.6494,0.0687,0.521,0.8398,NO
H,B,0.7234,0.4542,0.6499,0.3598,0.8274,0.8086,0.9439,0.5553,0.5447,0.7611,YES
H,A,0.868,0.7894,0.3834,0.4704,0.3738,0.8915,0.802,0.4588,0.4145,0.8757,NO
D,A,0.8307,0.3869,0.9416,0.5651,0.6032,0.5945,0.7713,0.125,0.748,0.0624,NO
F,D,0.1257,0.7025,0.9973,0.1351,0.5081,0.6475,0.8647,0.5789,0.8045,0.3524,YES
A,H,0.0882,0.3931,0.8036,0.3108,0.4902,0.0256,0.0235,0.4535,0.1709,0.1567,NO
D,H,0.3621,0.9244,0.999,0.8372,0.9894,0.3022,0.1119,0.0893,0.4963,0.1984,YES
E,G,0.3468,0.8073,0.9534,0.2552,0.7143,0.5866,0.1479,0.8106,0.6675,0.9872,YES
C,E,0.4379,0.3276,0.839,0.9014,0.279,0.6519,0.7343,0.2382,0.6884,0.5914,NO
E,D,0.3132,0.5536,0.7365,0.1312,0.3532,0.6941,0.8302,0.5627,0.2462,0.2896,NO
C,A,0.2773,0.6783,0.2649,0.1565,0.6135,0.067,0.315,0.1982,0.9171,0.4072,NO
E,H,0.8155,0.6484,0.389,0.4079,0.4517,0.9664,0.1049,0.5988,0.1085,0.4194,YES
A,B,0.135,0.5306,0.2946,0.2217,0.3572,0.5628,0.2078,0.4574,0.4089,0.347,YES
G,G,0.9455,0.0405,0.1394,0.0596,0.8771,0.036,0.6933,0.5518,0.0331,0.6879,YES
E,B,0.5222,0.7622,0.834,0.0212,0.101,0.9868,0.0916,0.7244,0.3996,0.3469,YES
C,C,0.1496,0.913,0.3636,0.3662,0.6596,0.4402,0.0448,0.0743,0.2145,0.9001,NO
B,B,0.1667,0.3805,0.0964,0.9168,0.1213,0.963,0.7838,0.6201,0.9691,0.8234,YES
H,H,0.3731,0.0667,0.5413,0.0052,0.1008,0.2874,0.32,0.0229,0.818,0.4551,NO
A,A,0.0921,0.9933,0.1075,0.0745,0.0585,0.0853,0.7088,0.9303,0.8413,0.981,YES
B,H,0.8346,0.0512,0.4076,0.9036,0.8625,0.5553,0.7998,0.8244,0.8023,0.672,NO
E,C,0.8355,0.8972,0.8765,0.2482,0.7288,0.852,0.0976,0.3588,0.9241,0.969,YES
E,F,0.8454,0.8636,0.1538,0.8218,0.7831,0.5433,0.0597,0.9902,0.252,0.459,YES
A,G,0.1154,0.2094,0.0861,0.2495,0.8597,0.4707,0.8628,0.5674,0.7988,0.8258,NO
G,E,0.243,0.8632,0.7522,0.544,0.085,0.9718,0.7052,0.7082,0.7016,0.8109,YES
G,F,0.0571,0.984,0.0987,0.4079,0.9493,0.7503,0.5762,0.7194,0.8261,0.1286,YES
D,E,0.5701,0.9979,0.9497,0.4431,0.3519,0.5959,0.5507,0.4731,0.5957,0.2947,YES
B,C,0.0846,0.4119,0.491,0.1148,0.8706,0.924,0.9842,0.9567,0.9789,0.005,YES
B,C,0.7001,0.0051,0.7203,0.682,0.6737,0.7115,0.3836,0.4367,0.2872,0.3981,NO
F,C,0.3702,0.0785,0.7777,0.8342,0.9164,0.9314,0.0277,0.5075,0.9708,0.978,NO
G,C,0.1943,0.2164,0.5092,0.9066,0.1627,0.3648,0.794,0.0856,0.6619,0.9967,YES
G,D,0.3907,0.3913,0.2049,0.5741,0.0309,0.0281,0.4669,0.964,0.996,0.6168,YES
G,C,0.568,0.5167,0.974,0.3747,0.6153,0.9319,0.5419,0.2632,0.9548,0.1352,YES
G,F,0.5453,0.1375,0.5133,0.3364,0.6641,0.0179,0.6919,0.4991,0.0535,0.5163,YES
C,F,0.4893,0.3478,0.2259,0.9335,0.5651,0.6357,0.4983,0.9155,0.1873,0.5226,YES
B,A,0.5968,0.7091,0.5238,0.9327,0.4606,0.1279,0.7616,0.0849,0.6712,0.0879,NO
F,H,0.1567,0.5847,0.5981,0.08,0.6357,0.2956,0.7381,0.9533,0.3186,0.5932,NO
C,D,0.1249,0.6414,0.7517,0.659,0.9928,0.0419,0.1867,0.9697,0.0259,0.7026,NO
H,D,0.268,0.9194,0.5285,0.518,0.3823,0.8895,0.4428,0.2376,0.2768,0.1642,NO
D,H,0.252,0.7728,0.1125,0.6155,0.3181,0.869,0.1795,0.7974,0.301,0.9346,YES
G,H,0.6173,0.1376,0.3868,0.5567,0.2042,0.793,0.6456,0.6843,0.6752,0.0194,YES
H,C,0.7485,0.2502,0.1161,0.9101,0.955,0.5831,0.7549,0.6375,0.1429,0.9348,NO
H,H,0.557,0.0694,0.0711,0.502,0.5952,0.3084,0.5268,0.7047,0.7207,0.7181,NO
B,B,0.4199,0.4933,0.2767,0.5965,0.0311,0.259,0.9556,0.4822,0.3126,0.7917,NO
A,H,0.214,0.7292,0.9976,0.4634,0.4135,0.5059,0.9526,0.0158,0.8086,0.7125,NO
H,G,0.8941,0.9201,0.5311,0.6524,0.9329,0.2333,0.5996,0.591,0.5391,0.8787,NO
C,H,0.8425,0.3372,0.6078,0.24,0.7335,0.7512,0.4798,0.7968,0.5957,0.9044,NO
H,F,0.5497,0.5062,0.6076,0.6728,0.2699,0.2346,0.7507,0.6039,0.4914,0.5771,YES
E,F,0.1814,0.692,0.1496,0.5322,0.7179,0.6338,0.3426,0.0188,0.2284,0.1794,NO
C,D,0.7893,0.2334,0.5061,0.7108,0.8943,0.3433,0.7041,0.6625,0.6261,0.3661,NO
G,A,0.8376,0.5596,0.2147,0.7656,0.6429,0.0667,0.2001,0.3739,0.9322,0.8165,YES
E,H,0.4231,0.5331,0.8024,0.6923,0.4773,0.3183,0.297,0.957,0.1345,0.4375,NO
A,C,0.4873,0.4005,0.774,0.6994,0.4124,0.6426,0.9808,0.2246,0.6305,0.0247,YES
A,A,0.9789,0.4318,0.9582,0.6451,0.4877,0.0751,0.3077,0.4501,0.9072,0.8995,YES
F,A,0.8751,0.216,0.6654,0.6365,0.5703,0.6888,0.3969,0.0133,0.5939,0.4674,YES
G,B,0.3545,0.8381,0.5413,0.7521,0.07,0.0456,0.5434,0.6802,0.2596,0.7837,NO
E,H,0.1733,0.5402,0.272,0.4595,0.0228,0.1018,0.8642,0.9135,0.618,0.3408,NO
A,C,0.9694,0.6871,0.4005,0.0732,0.4419,0.2441,0.0851,0.1521,0.022,0.3266,YES
E,D,0.3448,0.1034,0.5916,0.4532,0.2292,0.9208,0.6481,0.7261,0.3842,0.4732,YES
F,C,0.4657,0.6618,0.1285,0.7237,0.1125,0.4313,0.8856,0.3017,0.9017,0.4101,YES
D,B,0.0807,0.907,0.4464,0.2,0.5577,0.1436,0.6809,0.0803,0.0557,0.6459,NO
E,F,0.5421,0.1272,0.9554,0.0715,0.7834,0.3685,0.098,0.7978,0.2232,0.9661,YES
C,C,0.0537,0.9744,0.826,0.4016,0.4305,0.8426,0.6978,0.2214,0.5864,0.0039,YES
C,E,0.2422,0.9838,0.9081,0.5485,0.6058,0.243,0.0802,0.0934,0.1687,0.6683,YES
E,F,0.112,0.0076,0.3072,0.9743,0.9894,0.7138,0.9906,0.9214,0.7556,0.7392,NO
B,G,0.6828,0.3363,0.102,0.4392,0.1915,0.3979,0.9549,0.4907,0.1878,0.8773,YES
A,B,0.0557,0.9528,0.2038,0.5446,0.3147,0.0118,0.9049,0.0864,0.8824,0.1312,NO
E,D,0.3418,0.9092,0.4824,0.0377,0.2345,0.5323,0.3064,0.847,0.2888,0.3389,YES
F,G,0.9808,0.3043,0.9502,0.2069,0.827,0.638,0.9644,0.0248,0.2027,0.319,NO
D,G,0.2498,0.6387,0.97,0.7703,0.7194,0.6608,0.3923,0.3605,0.337,0.4643,YES
H,H,0.5499,0.9797,0.5903,0.1983,0.7577,0.1882,0.3778,0.7161,0.2656,0.2529,NO
D,E,0.4382,0.5371,0.3796,0.5741,0.4353,0.643,0.8268,0.7908,0.0173,0.5213,NO
B,A,0.3373,0.7925,0.0508,0.6789,0.5796,0.0321,0.324,0.0517,0.4495,0.3985,NO
C,G,0.1041,0.8335,0.4829,0.2869,0.7175,0.7901,0.7821,0.5802,0.4711,0.3992,YES
A,E,0.6117,0.6358,0.977,0.7527,0.6756,0.4748,0.0582,0.4538,0.0762,0.7027,YES
E,C,0.3623,0.5224,0.8151,0.564,0.1354,0.4343,0.3122,0.5182,0.9106,0.5802,NO
H,C,0.0188,0.9653,0.2516,0.9193,0.28,0.9581,0.0407,0.2151,0.2175,0.2859,NO
F,D,0.4672,0.4644,0.1849,0.1749,0.1313,0.7224,0.1819,0.067,0.8688,0.0693,NO
C,F,0.1964,0.4791,0.7823,0.8401,0.9793,0.5655,0.007,0.4249,0.6252,0.7428,NO
F,D,0.6957,0.643,0.0871,0.7379,0.1444,0.7991,0.3665,0.5965,0.308,0.6756,YES
E,G,0.1829,0.3295,0.9864,0.0674,0.3893,0.9395,0.312,0.9055,0.0435,0.5536,NO
C,B,0.9857,0.7542,0.9856,0.8395,0.7523,0.0334,0.3631,0.9434,0.2452,0.5097,YES
C,A,0.6331,0.6792,0.2593,0.9912,0.2364,0.0142,0.1146,0.2478,0.5002,0.8696,YES
C,B,0.9395,0.7135,0.2603,0.197,0.7676,0.6699,0.7828,0.7761,0.133,0.736,NO
H,D,0.1932,0.0492,0.7455,0.2377,0.0561,0.4137,0.9734,0.2462,0.7463,0.6804,NO
H,D,0.9609,0.5535,0.9036,0.7338,0.1025,0.0533,0.7624,0.7237,0.9052,0.1751,YES
B,C,0.6435,0.5957,0.4144,0.0324,0.4154,0.8723,0.6065,0.0906,0.8359,0.5056,NO
C,D,0.0598,0.9305,0.6393,0.0093,0.7396,0.691,0.2788,0.542,0.6335,0.048,YES
F,C,0.7041,0.1559,0.0477,0.978,0.3288,0.4989,0.061,0.8185,0.1678,0.6674,YES
D,F,0.1966,0.0242,0.5227,0.836,0.434,0.7006,0.4805,0.1633,0.9121,0.3348,YES
H,B,0.192,0.827,0.1089,0.2354,0.9491,0.7922,0.5348,0.5421,0.8172,0.598,NO
E,D,0.0781,0.9744,0.0734,0.7119,0.2208,0.7566,0.4491,0.963,0.4953,0.8281,NO
A,D,0.8404,0.392,0.5176,0.4283,0.7016,0.0646,0.9223,0.8485,0.7537,0.5024,YES
E,D,0.7097,0.6817,0.2025,0.7259,0.2288,0.2128,0.5518,0.1946,0.7999,0.2228,NO
G,C,0.1724,0.4973,0.9183,0.3779,0.646,0.7487,0.8781,0.6986,0.9566,0.0603,YES
F,G,0.5988,0.9658,0.608,0.907,0.7821,0.8459,0.9916,0.3319,0.436,0.8047,NO
B,C,0.881,0.9759,0.6066,0.1529,0.4376,0.2146,0.0323,0.3366,0.6035,0.206,NO
A,B,0.223,0.5854,0.3297,0.9126,0.652,0.1039,0.7925,0.2022,0.7352,0.1645,YES
F,G,0.8827,0.5751,0.6408,0.5815,0.8079,0.0137,0.5577,0.7624,0.5284,0.5639,YES
A,B,0.9389,0.6614,0.1452,0.9183,0.5396,0.8085,0.531,0.3288,0.6423,0.5472,NO
A,C,0.0696,0.8702,0.9366,0.9348,0.4961,0.5195,0.806,0.9754,0.9188,0.9609,YES
C,D,0.3569,0.7141,0.4365,0.5888,0.0238,0.1029,0.8013,0.5422,0.0838,0.8196,YES
F,E,0.6555,0.1713,0.7045,0.8726,0.7948,0.5993,0.0887,0.1297,0.6467,0.0841,YES
A,F,0.0222,0.7848,0.172,0.4561,0.4193,0.2134,0.7128,0.7993,0.0946,0.2709,NO
E,G,0.1911,0.5362,0.2697,0.5055,0.4418,0.5176,0.6522,0.8037,0.6059,0.3317,NO
H,A,0.1063,0.2018,0.512,0.9973,0.6386,0.3857,0.2887,0.126,0.7724,0.8695,YES
F,A,0.4868,0.3457,0.8143,0.7644,0.8925,0.1717,0.1093,0.7949,0.0432,0.1581,NO
H,A,0.7674,0.7815,0.951,0.7058,0.1741,0.4231,0.7076,0.8768,0.1651,0.0239,YES
H,D,0.5175,0.508,0.4909,0.0925,0.4029,0.528,0.9879,0.7943,0.1438,0.108,NO
D,E,0.577,0.7416,0.7895,0.6398,0.8899,0.5074,0.2026,0.8052,0.2212,0.1746,YES
B,H,0.4877,0.6767,0.934,0.1315,0.1849,0.86,0.9441,0.9397,0.1821,0.0486,NO
D,B,0.1111,0.4151,0.0563,0.7565,0.0039,0.3828,0.0249,0.406,0.6928,0.3853,YES
G,H,0.8381,0.4896,0.0268,0.4614,0.5449,0.2739,0.2012,0.7382,0.3446,0.2122,YES
E,F,0.8615,0.4002,0.2989,0.0281,0.9904,0.0043,0.8288,0.265,0.7486,0.1995,YES
A,H,0.1222,0.3933,0.6866,0.5672,0.4484,0.6263,0.117,0.0249,0.3689,0.2769,NO
F,E,0.2158,0.4667,0.6469,0.496,0.318,0.8855,0.6578,0.5299,0.7377,0.3784,NO
D,B,0.621,0.1494,0.1814,0.3078,0.2871,0.711,0.1803,0.6524,0.6988,0.0719,NO
G,G,0.1786,0.5889,0.3573,0.0629,0.5446,0.8158,0.61,0.9697,0.457,0.4594,YES
G,E,0.1017,0.2877,0.7912,0.698,0.5837,0.2354,0.412,0.4528,0.1173,0.9457,NO
A,H,0.5921,0.2527,0.5238,0.8845,0.5133,0.9769,0.4296,0.4286,0.6528,0.1947,NO
C,B,0.3874,0.1046,0.3945,0.2397,0.0744,0.5062,0.0009,0.523,0.1761,0.6559,YES
F,C,0.8447,0.4948,0.5386,0.3994,0.967,0.5048,0.5457,0.4138,0.4748,0.5132,NO
B,B,0.424,0.7387,0.1682,0.4935,0.6806,0.2047,0.5925,0.6067,0.1827,0.949,NO
A,C,0.0538,0.2399,0.3971,0.926,0.2085,0.4527,0.8641,0.586,0.3421,0.545,YES
H,F,0.1529,0.2009,0.8365,0.0823,0.1145,0.4951,0.2285,0.6165,0.9925,0,YES
B,F,0.3602,0.6287,0.4589,0.2,0.6082,0.8687,0.9064,0.3898,0.995,0.9432,YES
A,A,0.0424,0.4734,0.0642,0.6922,0.5211,0.0177,0.8861,0.108,0.7153,0.0212,NO
G,D,0.7472,0.7119,0.7927,0.0066,0.9655,0.0348,0.8743,0.3699,0.4303,0.166,YES
G,C,0.712,0.709,0.7096,0.9851,0.2141,0.5291,0.7518,0.1244,0.5602,0.3526,NO
B,H,0.0625,0.4869,0.927,0.8706,0.3561,0.9326,0.1181,0.2518,0.756,0.3403,NO
H,D,0.0397,0.7339,0.7037,0.9973,0.2915,0.3836,0.7487,0.5041,0.3071,0.0062,YES
B,B,0.0015,0.1174,0.9698,0.8962,0.3066,0.837,0.2215,0.687,0.5433,0.0772,YES
A,G,0.3804,0.5497,0.1005,0.9314,0.3319,0.9218,0.9884,0.1338,0.7144,0.2659,YES
F,B,0.4078,0.2559,0.2756,0.5594,0.5337,0.8355,0.7487,0.3731,0.1797,0.2675,YES
H,B,0.4408,0.3213,0.0122,0.6017,0.8166,0.3439,0.7898,0.8799,0.7898,0.8593,NO
D,E,0.9344,0.1749,0.7702,0.6675,0.5109,0.8489,0.6201,0.138,0.5664,0.6688,NO
B,F,0.3475,0.1281,0.0505,0.1418,0.3795,0.9874,0.0374,0.847,0.3472,0.314,NO
F,H,0.283,0.5957,0.4888,0.6633,0.9028,0.0296,0.651,0.5171,0.114,0.9872,YES
A,D,0.2913,0.5954,0.8053,0.1031,0.6778,0.2254,0.4458,0.9278,0.9938,0.4844,YES
A,H,0.9438,0.9686,0.9619,0.4024,0.227,0.8389,0.0099,0.4459,0.6068,0.1992,NO
G,H,0.8996,0.6723,0.0924,0.4113,0.1441,0.5428,0.917,0.8774,0.5673,0.4363,YES
A,A,0.628,0.4148,0.4165,0.4076,0.0469,0.9942,0.7002,0.907,0.7221,0.485,YES
H,F,0.9071,0.4241,0.7119,0.2923,0.6792,0.4212,0.951,0.9173,0.5466,0.2639,NO
D,D,0.9892,0.8984,0.3578,0.7252,0.7489,0.2642,0.8912,0.9066,0.3469,0.722,YES
B,D,0.5595,0.0923,0.8072,0.6228,0.5907,0.3325,0.4392,0.4866,0.5115,0.3553,NO
C,F,0.142,0.2734,0.7895,0.2053,0.9264,0.9031,0.3935,0.828,0.2578,0.534,YES
A,A,0.2281,0.8277,0.8204,0.7658,0.8997,0.255,0.2897,0.7165,0.4214,0.6978,YES
C,B,0.2409,0.5981,0.8937,0.3525,0.2796,0.1341,0.2091,0.1942,0.0275,0.3681,YES
A,E,0.5642,0.419,0.6673,0.4711,0.3972,0.7703,0.908,0.6134,0.0594,0.609,YES
E,G,0.4567,0.4618,0.9155,0.4415,0.4017,0.0712,0.6506,0.952,0.8391,0.6734,NO
C,A,0.0861,0.8532,0.1523,0.2824,0.8026,0.1187,0.1243,0.5452,0.7981,0.0882,NO
A,G,0.424,0.8496,0.4208,0.1878,0.8511,0.5857,0.4873,0.1665,0.1972,0.1283,YES
D,A,0.4167,0.2666,0.166,0.5147,0.5919,0.0975,0.0402,0.6068,0.6664,0.7966,YES
F,E,0.2368,0.2608,0.7362,0.5023,0.6985,0.4067,0.3325,0.4496,0.681,0.1941,NO
E,H,0.0289,0.464,0.4921,0.1443,0.0039,0.0297,0.9312,0.8518,0.4854,0.3421,NO
A,E,0.2671,0.1354,0.2583,0.6753,0.6222,0.1964,0.0297,0.0989,0.4542,0.4818,NO
B,E,0.1821,0.9308,0.3586,0.7267,0.3396,0.9079,0.7639,0.3444,0.604,0.6466,NO
H,A,0.4954,0.2145,0.329,0.5786,0.1845,0.2427,0.0581,0.3805,0.5917,0.0337,YES
F,D,0.4896,0.6958,0.7725,0.0389,0.7106,0.0174,0.1191,0.7982,0.2984,0.1602,NO
G,B,0.8266,0.8781,0.4985,0.4971,0.5863,0.4443,0.7188,0.6473,0.4801,0.8178,NO
B,E,0.2735,0.1657,0.2053,0.0029,0.7685,0.4295,0.2829,0.3889,0.8049,0.6815,YES
F,H,0.9279,0.8449,0.3443,0.9868,0.9137,0.7806,0.0299,0.4047,0.8889,0.107,NO
D,C,0.119,0.142,0.3838,0.5354,0.6435,0.9001,0.5881,0.8159,0.7399,0.5405,YES
G,B,0.4672,0.6882,0.9596,0.1903,0.0793,0.0723,0.6834,0.3756,0.0231,0.4695,YES
H,A,0.3517,0.6259,0.4946,0.0933,0.6988,0.2388,0.5841,0.6979,0.2435,0.6459,NO
D,F,0.659,0.1085,0.1168,0.897,0.6478,0.1579,0.7582,0.8239,0.5371,0.1644,NO
E,C,0.8238,0.3225,0.1732,0.6894,0.5928,0.4532,0.5494,0.1599,0.5939,0.3451,NO
D,H,0.0724,0.7611,0.8575,0.9164,0.3174,0.203,0.4091,0.2396,0.7328,0.9566,YES
G,G,0.4999,0.4292,0.2556,0.4632,0.0413,0.6063,0.2699,0.3722,0.0274,0.7223,YES
C,A,0.7627,0.7373,0.0248,0.8677,0.8559,0.2169,0.5567,0.0361,0.9061,0.5057,YES
C,C,0.9899,0.1501,0.5401,0.4767,0.6438,0.6122,0.9755,0.4392,0.4117,0.4633,YES
G,H,0.5538,0.7583,0.7529,0.569,0.8176,0.8744,0.1189,0.7692,0.2496,0.2691,NO
F,E,0.9607,0.4329,0.7839,0.1281,0.7444,0.5551,0.0925,0.1904,0.249,0.1113,YES
B,F,0.8704,0.0471,0.1306,0.9723,0.3227,0.6621,0.0615,0.0558,0.4522,0.4743,NO
F,A,0.3936,0.5002,0.7614,0.3157,0.0445,0.7758,0.595,0.6164,0.1183,0.3091,YES
E,B,0.8177,0.0146,0.0328,0.2595,0.3565,0.8149,0.4014,0.8274,0.2975,0.3082,NO
A,B,0.0207,0.6847,0.1417,0.9111,0.7645,0.8034,0.7499,0.4267,0.3951,0.2372,NO
F,H,0.6411,0.4131,0.9025,0.3085,0.7405,0.1896,0.863,0.9485,0.9671,0.1483,YES
C,A,0.0631,0.0985,0.9043,0.019,0.707,0.9833,0.541,0.16,0.2099,0.8596,YES
E,D,0.5144,0.5305,0.1134,0.2262,0.0281,0.2369,0.0883,0.8478,0.6977,0.2069,NO
H,H,0.4063,0.5614,0.0733,0.2224,0.8967,0.1345,0.2736,0.1573,0.0362,0.4523,NO
H,A,0.4453,0.3304,0.4485,0.3748,0.6106,0.9742,0.5257,0.1384,0.7959,0.8933,YES
F,E,0.2704,0.7003,0.9596,0.6734,0.7668,0.379,0.3378,0.1529,0.8499,0.7779,YES
E,D,0.8658,0.2788,0.1031,0.8648,0.0244,0.3849,0.1286,0.3924,0.2892,0.5766,YES
F,H,0.0284,0.9435,0.3659,0.8346,0.5426,0.2373,0.9298,0.5306,0.6192,0.4587,YES
C,H,0.1685,0.7234,0.7704,0.2088,0.8848,0.6573,0.57,0.8087,0.4352,0.0103,NO
A,H,0.606,0.558,0.0105,0.4724,0.0967,0.598,0.1896,0.652,0.4108,0.6133,NO
B,H,0.7927,0.7198,0.1156,0.7628,0.1969,0.9443,0.3383,0.2685,0.8812,0.0015,YES
H,E,0.7953,0.6164,0.2814,0.2636,0.1309,0.2307,0.924,0.8438,0.9561,0.9403,YES
H,C,0.0458,0.55,0.3373,0.2461,0.3769,0.0281,0.9788,0.4439,0.4762,0.6022,NO
F,F,0.0267,0.8009,0.9899,0.3117,0.8933,0.0268,0.7872,0.6615,0.1083,0.3329,YES
C,C,0.3057,0.3783,0.2908,0.838,0.8019,0.8258,0.7355,0.42,0.0781,0.5263,YES
H,B,0.7635,0.5328,0.4864,0.9892,0.4923,0.9409,0.0499,0.1293,0.1332,0.8764,YES
D,B,0.5836,0.2172,0.9748,0.3325,0.2484,0.4799,0.1224,0.966,0.3545,0.2824,NO
G,F,0.0898,0.6357,0.5545,0.5765,0.0938,0.1888,0.064,0.6027,0.9,0.3585,NO
E,C,0.2216,0.7655,0.2019,0.8678,0.1015,0.2419,0.2957,0.9611,0.272,0.8403,NO
G,C,0.7538,0.2725,0.6625,0.5005,0.8448,0.4486,0.1001,0.5813,0.6324,0.4922,YES
A,E,0.9532,0.8807,0.5555,0.2158,0.0743,0.395,0.3963,0.4771,0.7141,0.4797,YES
C,D,0.8119,0.4627,0.6092,0.3099,0.232,0.4558,0.0763,0.6496,0.1135,0.7887,NO
C,F,0.838,0.5195,0.1679,0.7276,0.2049,0.014,0.9961,0.3126,0.1007,0.0932,NO
C,H,0.4373,0.3592,0.1516,0.2053,0.1787,0.1577,0.1179,0.4301,0.321,0.6524,YES
B,A,0.5067,0.2839,0.6801,0.6665,0.9842,0.4084,0.3378,0.3631,0.3011,0.6176,YES
E,F,0.2353,0.294,0.8334,0.0769,0.6656,0.5179,0.4998,0.0594,0.0447,0.1544,NO
E,H,0.2128,0.1432,0.7382,0.2057,0.8943,0.1962,0.7994,0.7886,0.999,0.0202,YES
H,A,0.5847,0.0806,0.9958,0.485,0.2893,0.1037,0.2185,0.02,0.6046,0.2031,NO
G,F,0.5211,0.4792,0.2482,0.311,0.5186,0.9221,0.8469,0.772,0.1996,0.8657,NO
B,G,0.2515,0.2729,0.2009,0.3641,0.2303,0.3781,0.2748,0.8621,0.8635,0.6114,YES
H,A,0.9597,0.2664,0.6474,0.884,0.3815,0.6811,0.0385,0.9118,0.6833,0.4498,NO
G,F,0.411,0.138,0.8021,0.6075,0.3523,0.7655,0.7522,0.5343,0.7614,0.6674,NO
E,D,0.1719,0.1383,0.3053,0.8141,0.2241,0.9389,0.4895,0.5072,0.1867,0.6285,NO
H,A,0.7259,0.6762,0.98,0.6447,0.9377,0.1804,0.876,0.4561,0.0301,0.7297,YES
G,G,0.1469,0.8271,0.845,0.0091,0.2217,0.9284,0.2001,0.8341,0.6779,0.2208,NO
A,H,0.1053,0.4394,0.5767,0.992,0.1728,0.8619,0.2502,0.8085,0.0718,0.9461,YES
E,E,0.5493,0.633,0.558,0.7201,0.6943,0.9157,0.2938,0.4265,0.4358,0.7162,YES
D,D,0.6569,0.587,0.512,0.9437,0.0068,0.1626,0.6258,0.9538,0.0156,0.9317,NO
E,B,0.733,0.8571,0.3807,0.2078,0.1078,0.2406,0.8276,0.1373,0.2084,0.0081,NO
D,C,0.1117,0.4847,0.1515,0.8999,0.1395,0.4606,0.1337,0.8156,0.0603,0.812,NO
E,D,0.7541,0.8228,0.999,0.684,0.7552,0.211,0.8216,0.8078,0.8653,0.8993,YES
A,A,0.6878,0.0713,0.297,0.0637,0.1438,0.4285,0.2609,0.3489,0.4785,0.3318,YES
G,E,0.4666,0.2386,0.111,0.7948,0.6468,0.624,0.3902,0.0248,0.1898,0.1871,NO
E,H,0.7448,0.5113,0.4128,0.3021,0.4688,0.4324,0.2475,0.702,0.8346,0.139,YES
A,H,0.4581,0.2475,0.8606,0.5462,0.8154,0.0623,0.656,0.2901,0.3689,0.6998,YES
C,D,0.8856,0.1058,0.4984,0.0457,0.7902,0.8832,0.3699,0.3251,0.3944,0.3887,YES
D,H,0.6974,0.3862,0.2171,0.3795,0.9134,0.0438,0.9335,0.574,0.4313,0.232,YES
E,H,0.9822,0.5851,0.848,0.8841,0.01,0.0102,0.8611,0.9999,0.2522,0.9362,NO
F,B,0.7364,0.0248,0.8003,0.6224,0.9471,0.7679,0.7301,0.2287,0.013,0.8057,NO
F,E,0.276,0.9278,0.8056,0.1983,0.3586,0.739,0.7574,0.3953,0.1781,0.668,NO
G,A,0.8689,0.7359,0.2811,0.1555,0.4581,0.2079,0.5142,0.0972,0.7714,0.1693,YES
G,B,0.2124,0.838,0.1184,0.5366,0.269,0.4369,0.3641,0.0772,0.0734,0.575,YES
C,F,0.7911,0.0915,0.0027,0.7498,0.3557,0.9975,0.9117,0.7131,0.5597,0.596,NO
E,E,0.8496,0.4457,0.0721,0.2672,0.2694,0.0038,0.2556,0.7634,0.5946,0.639,YES
C,H,0.7762,0.9897,0.8805,0.0358,0.1345,0.8956,0.2676,0.1828,0.8482,0.0864,NO
G,E,0.7738,0.8255,0.2159,0.6781,0.6356,0.6866,0.9382,0.1856,0.8137,0.8011,NO
A,A,0.9757,0.0722,0.2385,0.1756,0.2167,0.9208,0.9976,0.1088,0.699,0.1639,NO
B,H,0.0314,0.5397,0.5963,0.0107,0.2815,0.3765,0.4226,0.3628,0.8104,0.8596,YES
G,B,0.4565,0.4643,0.3419,0.2464,0.4866,0.3058,0.5787,0.8512,0.8065,0.6816,YES
G,G,0.7769,0.968,0.3273,0.6419,0.2033,0.0268,0.3053,0.6294,0.2569,0.7858,NO
E,D,0.1046,0.8063,0.0935,0.2683,0.3247,0.9486,0.1996,0.7831,0.9646,0.5076,YES
A,D,0.364,0.8685,0.0822,0.9506,0.465,0.1344,0.6209,0.4126,0.1557,0.3677,NO
H,B,0.8,0.739,0.6415,0.6226,0.9547,0.9655,0.1469,0.7903,0.9773,0.3585,YES
A,E,0.123,0.8287,0.6951,0.5214,0.0623,0.1043,0.0565,0.3973,0.628,0.5461,YES
E,H,0.7385,0.2641,0.4508,0.7575,0.1042,0.3544,0.1693,0.234,0.8017,0.181,YES
G,C,0.5588,0.7558,0.6022,0.7723,0.5965,0.8406,0.9195,0.0814,0.8132,0.5254,NO
D,B,0.3416,0.9708,0.4494,0.8694,0.3122,0.0152,0.4554,0.2521,0.1042,0.1256,YES
D,A,0.1382,0.5781,0.883,0.058,0.5401,0.7281,0.0517,0.9426,0.1531,0.7839,YES
B,F,0.4282,0.3219,0.4648,0.2099,0.1353,0.3958,0.887,0.1286,0.8553,0.8407,YES
C,D,0.9403,0.7465,0.8107,0.2789,0.7726,0.5696,0.4153,0.2048,0.5709,0.4737,YES
D,A,0.175,0.4309,0.9219,0.2555,0.4729,0.8075,0.5851,0.1817,0.2827,0.8638,NO
C,B,0.2548,0.4845,0.5377,0.0123,0.0667,0.0672,0.3224,0.2213,0.901,0.8218,YES
E,E,0.5301,0.3617,0.2691,0.2226,0.1045,0.6612,0.1593,0.2881,0.3778,0.1676,NO
D,F,0.9784,0.4096,0.2194,0.0872,0.87,0.907,0.051,0.2268,0.2931,0.501,YES
F,H,0.5581,0.8227,0.0213,0.8226,0.0344,0.9201,0.3952,0.5035,0.637,0.7306,YES
F,C,0.5068,0.1077,0.0254,0.7388,0.1623,0.8844,0.5744,0.9888,0.4186,0.2171,NO
B,G,0.5726,0.2152,0.6053,0.0583,0.0942,0.7504,0.7958,0.7127,0.4477,0.0423,NO
F,E,0.753,0.8417,0.4068,0.9734,0.2367,0.6377,0.2012,0.9349,0.3368,0.7537,YES
C,H,0.8826,0.6889,0.4514,0.6683,0.0444,0.0567,0.9706,0.3362,0.072,0.1536,NO
G,D,0.8028,0.9641,0.4669,0.4507,0.3084,0.7049,0.4588,0.4193,0.1754,0.697,YES
G,F,0.7304,0.027,0.0434,0.8692,0.1254,0.4654,0.3496,0.3735,0.3137,0.8748,NO
D,E,0.3876,0.6826,0.4161,0.5257,0.8773,0.7239,0.1934,0.3946,0.4375,0.1735,NO
C,C,0.2804,0.6904,0.4305,0.7102,0.8134,0.1041,0.8652,0.527,0.1527,0.5614,YES
D,E,0.5958,0.8992,0.0495,0.0861,0.9551,0.5358,0.6565,0.8654,0.3074,0.7252,NO
F,E,0.9833,0.9971,0.1097,0.2363,0.9138,0.6974,0.1068,0.9164,0.8361,0.0611,NO
C,B,0.2546,0.2537,0.2505,0.8071,0.3633,0.4926,0.8027,0.4754,0.8905,0.0585,NO
D,G,0.0246,0.1565,0.9924,0.7273,0.9578,0.2929,0.7971,0.7649,0.1597,0.406,NO
A,A,0.5301,0.2315,0.7542,0.8791,0.2738,0.2284,0.3535,0.6948,0.0783,0.2658,YES
D,F,0.6489,0.6126,0.4305,0.4798,0.7169,0.5542,0.6201,0.3403,0.0052,0.6152,YES
H,D,0.1425,0.1365,0.0516,0.3184,0.1305,0.3224,0.9652,0.0909,0.1716,0.3613,NO
E,B,0.0916,0.8777,0.1022,0.2077,0.1316,0.3619,0.0403,0.1007,0.325,0.857,NO
E,B,0.4094,0.8098,0.9475,0.1665,0.4478,0.9143,0.1316,0.6882,0.4035,0.1972,YES
H,A,0.2367,0.7171,0.5629,0.6273,0.6261,0.5616,0.5481,0.4687,0.282,0.4991,NO
D,H,0.7393,0.7304,0.9478,0.2442,0.737,0.7687,0.1181,0.5844,0.4243,0.5986,YES
F,E,0.1648,0.7332,0.6033,0.4106,0.7817,0.7347,0.753,0.6578,0.1795,0.5352,YES
H,E,0.3075,0.0762,0.6072,0.6212,0.1643,0.8831,0.9744,0.8637,0.3248,0.8705,YES
E,A,0.3629,0.2685,0.3585,0.8815,0.4012,0.1049,0.5643,0.5001,0.0987,0.4443,YES
B,H,0.8363,0.992,0.0836,0.7855,0.2658,0.6789,0.0627,0.451,0.8254,0.4172,YES
C,D,0.5326,0.924,0.0002,0.8593,0.0937,0.2582,0.8583,0.96,0.5071,0.4521,YES
A,E,0.1751,0.7687,0.0354,0.6237,0.1857,0.6397,0.4744,0.6386,0.8512,0.6814,YES
C,D,0.3761,0.9391,0.9618,0.6249,0.7803,0.7573,0.2169,0.5578,0.409,0.7027,NO
G,D,0.0306,0.9906,0.6376,0.3906,0.1965,0.604,0.8945,0.2623,0.2835,0.8956,YES
G,D,0.4085,0.6577,0.2177,0.5472,0.8011,0.3992,0.7776,0.4375,0.2266,0.9073,YES
D,D,0.2233,0.1361,0.2197,0.8073,0.4301,0.4148,0.4916,0.8661,0.2158,0.4557,NO
C,A,0.2317,0.0268,0.8939,0.8138,0.471,0.1868,0.7008,0.2083,0.0983,0.7355,YES
E,B,0.1335,0.1853,0.0394,0.3819,0.4175,0.5764,0.338,0.5793,0.4698,0.1426,NO
E,H,0.8197,0.6653,0.9024,0.2076,0.3824,0.3805,0.1066,0.5321,0.1559,0.0947,YES
E,E,0.1347,0.7961,0.4866,0.2526,0.2536,0.6157,0.0723,0.9701,0.7993,0.2251,YES
G,E,0.0685,0.3426,0.8645,0.5587,0.7957,0.3754,0.5554,0.9004,0.2233,0.2406,NO
C,H,0.4608,0.044,0.1933,0.2319,0.8789,0.4149,0.0046,0.884,0.171,0.2088,NO
C,C,0.4901,0.1719,0.714,0.2845,0.5889,0.0676,0.6234,0.8022,0.0729,0.5787,NO
D,C,0.7796,0.9699,0.1537,0.9399,0.9943,0.9091,0.6811,0.5947,0.7205,0.7177,NO
C,B,0.7495,0.0326,0.4551,0.7407,0.9469,0.4305,0.0043,0.9018,0.1198,0.811,YES
H,B,0.1979,0.8224,0.8903,0.3387,0.7273,0.7821,0.525,0.2945,0.3491,0.1955,NO
D,B,0.925,0.4385,0.1277,0.5885,0.7774,0.149,0.8136,0.0428,0.1779,0.6352,NO
D,G,0.0628,0.3926,0.2788,0.5134,0.9817,0.8798,0.4061,0.8416,0.5587,0.1058,YES
D,G,0.7597,0.3938,0.2225,0.8535,0.8031,0.986,0.1482,0.1408,0.3573,0.4362,YES
H,C,0.4787,0.1418,0.275,0.9182,0.9849,0.6716,0.5583,0.2185,0.5175,0.5618,NO
H,E,0.7037,0.5229,0.3903,0.2158,0.2942,0.409,0.0481,0.5197,0.2282,0.7856,NO
E,G,0.2935,0.693,0.4521,0.8109,0.3917,0.9626,0.4146,0.5805,0.1743,0.465,NO
B,E,0.43,0.1813,0.4149,0.7281,0.4537,0.3047,0.3465,0.9756,0.1485,0.9831,YES
D,D,0.8233,0.1026,0.4252,0.3299,0.3203,0.6193,0.6334,0.2187,0.4506,0.9459,YES
C,B,0.4676,0.9544,0.0879,0.6257,0.9119,0.2572,0.4092,0.611,0.0116,0.1382,NO
D,G,0.7816,0.7144,0.5172,0.5314,0.0962,0.837,0.6664,0.0209,0.3072,0.4997,YES
A,A,0.6791,0.7368,0.1797,0.6676,0.7451,0.632,0.032,0.7837,0.9627,0.0935,YES
B,A,0.514,0.3491,0.4637,0.5133,0.8307,0.821,0.1713,0.6102,0.8175,0.0895,NO
D,F,0.4968,0.8549,0.9089,0.4742,0.6743,0.6413,0.9864,0.0137,0.5333,0.2725,YES
D,D,0.7823,0.3859,0.8032,0.381,0.9351,0.8323,0.2918,0.929,0.4647,0.585,NO
F,A,0.0756,0.0247,0.6859,0.6504,0.9865,0.059,0.263,0.6399,0.4578,0.0489,YES
H,B,0.6115,0.8439,0.0728,0.8194,0.8252,0.3848,0.5719,0.1906,0.6578,0.809,NO
H,D,0.8449,0.0788,0.6257,0.8673,0.9667,0.543,0.5583,0.6601,0.6482,0.7341,NO
A,D,0.3119,0.8464,0.4917,0.1868,0.4945,0.3544,0.2397,0.3479,0.1507,0.7441,YES
C,B,0.5305,0.0263,0.1704,0.3378,0.4977,0.3874,0.7233,0.2839,0.2853,0.4727,NO
B,B,0.715,0.1807,0.8919,0.2109,0.966,0.5689,0.2612,0.1745,0.4975,0.1027,YES
F,F,0.9433,0.9403,0.1408,0.4816,0.2724,0.6964,0.7381,0.1183,0.9439,0.7849,NO
A,C,0.4643,0.5824,0.4557,0.6974,0.8183,0.2815,0.9598,0.6932,0.0956,0.3699,YES
A,E,0.4707,0.8172,0.3839,0.1153,0.1205,0.8752,0.0462,0.9908,0.792,0.9983,NO
C,A,0.4558,0.5818,0.5536,0.7956,0.4946,0.6588,0.7457,0.0374,0.2076,0.7736,YES
E,G,0.9205,0.8847,0.3885,0.7704,0.5082,0.0789,0.3116,0.9692,0.4805,0.4795,NO
A,E,0.7395,0.1577,0.3842,0.4479,0.0584,0.7477,0.7159,0.755,0.199,0.6503,NO
E,H,0.1044,0.7072,0.7999,0.7136,0.369,0.5598,0.1844,0.6693,0.5928,0.6538,NO
G,C,0.9444,0.7467,0.3774,0.5838,0.5034,0.1758,0.4526,0.4572,0.3107,0.2422,YES
D,G,0.3394,0.0352,0.356,0.1968,0.2292,0.5673,0.5987,0.8964,0.4158,0.1897,YES
H,B,0.5099,0.5953,0.7455,0.3617,0.435,0.8014,0.6604,0.6595,0.534,0.3762,YES
C,C,0.9118,0.4754,0.6666,0.0995,0.5703,0.7795,0.5273,0.2054,0.947,0.0982,YES
E,F,0.6938,0.2039,0.1237,0.207,0.1215,0.3248,0.9283,0.9974,0.8851,0.2135,YES
B,F,0.8701,0.2197,0.0125,0.6972,0.0646,0.6172,0.2542,0.2237,0.3235,0.7868,NO
F,H,0.6202,0.7576,0.377,0.3441,0.6087,0.2103,0.7918,0.7823,0.1675,0.7568,NO
F,H,0.2414,0.0166,0.8031,0.789,0.0375,0.8261,0.7082,0.9683,0.1443,0.9413,YES
B,G,0.9644,0.5182,0.2169,0.6164,0.1947,0.6988,0.5034,0.4229,0.6226,0.7636,NO
F,B,0.6533,0.0691,0.4556,0.3242,0.0288,0.4743,0.9088,0.2688,0.8439,0.9335,NO
B,F,0.8855,0.0007,0.9765,0.0912,0.8388,0.4013,0.1903,0.7097,0.747,0.0562,NO
H,E,0.6414,0.4031,0.3469,0.377,0.1515,0.7241,0.3819,0.6915,0.4945,0.8494,YES
H,E,0.1502,0.725,0.7606,0.8284,0.6881,0.8446,0.3424,0.7712,0.2525,0.0268,YES
D,G,0.3666,0.5125,0.9544,0.5262,0.0881,0.0103,0.7476,0.1499,0.4187,0.6139,NO
E,E,0.4974,0.3424,0.4595,0.6059,0.9763,0.0192,0.6056,0.7055,0.7307,0.0734,NO
A,E,0.8001,0.4352,0.1731,0.6201,0.8382,0.0659,0.1388,0.422,0.2362,0.8941,YES
B,G,0.0921,0.6978,0.8992,0.7266,0.55,0.7043,0.5891,0.8845,0.3865,0.6382,NO
H,E,0.4138,0.2094,0.395,0.2493,0.1873,0.5065,0.9271,0.8243,0.4347,0.3563,NO
C,E,0.7388,0.1701,0.3121,0.8065,0.2157,0.9684,0.7293,0.1021,0.6329,0.6516,YES
D,D,0.3936,0.4779,0.2395,0.6186,0.6472,0.4048,0.1531,0.5303,0.8114,0.9653,NO
A,B,0.8941,0.9498,0.9499,0.3589,0.4493,0.7513,0.3507,0.8293,0.7556,0.6902,YES
C,B,0.3257,0.034,0.9576,0.2149,0.6625,0.5436,0.8832,0.5056,0.2994,0.95,YES
G,A,0.7454,0.9367,0.8451,0.1966,0.4112,0.0612,0.599,0.0892,0.4724,0.4624,NO
A,G,0.6229,0.3736,0.1399,0.1777,0.5333,0.6723,0.5029,0.9381,0.209,0.3281,YES
G,E,0.6277,0.5534,0.1314,0.8681,0.4583,0.2524,0.5175,0.3661,0.5276,0.5235,YES
D,E,0.0571,0.2475,0.3912,0.451,0.1813,0.644,0.8641,0.2102,0.164,0.0871,YES
C,C,0.3007,0.806,0.3871,0.6925,0.4087,0.7934,0.989,0.1407,0.502,0.1106,NO
F,A,0.1238,0.5063,0.329,0.4466,0.2075,0.865,0.6316,0.7581,0.5852,0.6375,NO
H,C,0.4354,0.8762,0.7814,0.6271,0.3644,0.1814,0.2888,0.4818,0.989,0.6534,NO
E,E,0.6433,0.5203,0.3577,0.6442,0.2256,0.6841,0.3763,0.6308,0.2941,0.5476,YES
H,B,0.0298,0.5669,0.5137,0.2311,0.4641,0.6459,0.5451,0.0372,0.1829,0.6518,YES
H,E,0.1937,0.1488,0.7378,0.4082,0.637,0.7781,0.8025,0.0977,0.2896,0.3921,NO
A,C,0.1155,0.9211,0.5129,0.7828,0.6522,0.7996,0.9987,0.1811,0.6598,0.0774,YES
F,F,0.4881,0.4955,0.4134,0.7746,0.3124,0.3931,0.8129,0.6528,0.9656,0.8211,YES
B,E,0.2574,0.2217,0.9104,0.9675,0.0604,0.8284,0.8938,0.3155,0.1771,0.3886,NO
G,D,0.6443,0.5854,0.5203,0.833,0.1179,0.7765,0.599,0.7009,0.871,0.5415,NO
D,C,0.4027,0.7651,0.2754,0.8713,0.8231,0.8289,0.9263,0.9352,0.1269,0.6916,NO
G,A,0.1583,0.4113,0.2834,0.7336,0.4168,0.0376,0.3101,0.5186,0.6014,0.764,YES
B,F,0.8582,0.157,0.4148,0.5997,0.9309,0.8588,0.2289,0.1597,0.0718,0.3619,NO
C,A,0.708,0.0392,0.4898,0.0731,0.3972,0.439,0.5779,0.1011,0.4438,0.9445,NO
F,D,0.8109,0.3928,0.679,0.2851,0.3886,0.6082,0.5089,0.0116,0.4388,0.874,NO
F,G,0.2046,0.2423,0.6618,0.6814,0.6782,0.988,0.5671,0.1334,0.5969,0.2807,YES
A,E,0.5999,0.3706,0.934,0.1225,0.7143,0.1279,0.3217,0.865,0.4071,0.9918,YES
A,H,0.7307,0.7188,0.4398,0.5073,0.7827,0.9525,0.0863,0.6953,0.4832,0.5291,YES
E,H,0.254,0.6805,0.7832,0.2811,0.9745,0.6566,0.3929,0.1459,0.5465,0.1067,NO
A,A,0.6781,0.676,0.2174,0.1638,0.045,0.419,0.5928,0.6861,0.3196,0.6795,YES
E,F,0.3774,0.9274,0.1206,0.2064,0.6465,0.1572,0.5091,0.2131,0.1837,0.4842,YES
E,F,0.6179,0.2191,0.0235,0.8207,0.7158,0.6203,0.0177,0.9618,0.4679,0.4097,NO
A,B,0.0388,0.5783,0.3,0.1477,0.7274,0.8368,0.7511,0.076,0.1501,0.0253,YES
A,D,0.4376,0.3904,0.2826,0.3704,0.2216,0.7859,0.2773,0.2088,0.6587,0.1312,NO
C,F,0.0694,0.582,0.4828,0.4129,0.3976,0.3667,0.0442,0.3895,0.8089,0.0607,YES
H,H,0.8656,0.2644,0.1751,0.5858,0.7858,0.9127,0.9458,0.7619,0.8914,0.2877,NO
C,C,0.9405,0.2275,0.7368,0.674,0.4766,0.7691,0.3717,0.3243,0.7039,0.9238,YES
H,F,0.8278,0.7257,0.4623,0.5964,0.4222,0.4642,0.2192,0.7686,0.8136,0.9434,NO
F,H,0.7188,0.1026,0.8355,0.2376,0.1309,0.1445,0.3167,0.6238,0.0945,0.635,NO
F,D,0.989,0.4002,0.3434,0.2734,0.7559,0.6798,0.6021,0.0168,0.0749,0.1394,NO
C,D,0.1334,0.4416,0.2479,0.277,0.8433,0.2144,0.4495,0.2461,0.4789,0.5021,YES
E,G,0.5339,0.3517,0.9032,0.9922,0.3535,0.4292,0.4446,0.5823,0.4478,0.6766,YES
F,B,0.6461,0.8824,0.7143,0.4632,0.3023,0.4611,0.0808,0.309,0.093,0.6528,YES
F,H,0.8379,0.0477,0.5676,0.5119,0.3716,0.1172,0.6519,0.213,0.1172,0.8847,YES
D,H,0.4534,0.0002,0.2255,0.0931,0.9405,0.845,0.2731,0.4561,0.4691,0.1112,NO
A,A,0.0029,0.9004,0.5039,0.399,0.3817,0.1106,0.6004,0.3439,0.8438,0.0904,YES
E,F,0.7554,0.1553,0.6372,0.8701,0.976,0.8727,0.548,0.4,0.2977,0.662,NO
E,H,0.5112,0.9931,0.0792,0.4527,0.9843,0.2129,0.4802,0.9238,0.1382,0.9939,NO
D,G,0.2063,0.5022,0.0091,0.7883,0.4182,0.805,0.1438,0.2131,0.6603,0.3557,NO
G,A,0.6324,0.9015,0.8273,0.0463,0.7917,0.0298,0.082,0.4582,0.6381,0.7877,NO
G,F,0.743,0.7915,0.1864,0.7658,0.2286,0.0032,0.5984,0.788,0.5153,0.4605,NO
H,E,0.5067,0.0602,0.6145,0.2869,0.4373,0.4401,0.2826,0.0581,0.3403,0.4428,NO
A,H,0.7637,0.6941,0.3344,0.1123,0.0343,0.9297,0.9114,0.8365,0.859,0.8942,YES
D,H,0.7974,0.3239,0.1249,0.1061,0.0413,0.9132,0.8451,0.2202,0.5656,0.7713,YES
B,E,0.394,0.9475,0.7426,0.3862,0.9032,0.1353,0.9247,0.8937,0.3738,0.2531,YES